Digital_Footprint,Number of Apps Installed,Usage_Intensity,Battery Drain (mAh/day),App Usage Time (min/day),Data Usage (MB/day),Screen On Time (hours/day),Battery_per_App_Usage,App_Screen_Ratio,Data_per_App_Usage,Device Model_iPhone 12,Age_Group
0.9235652522893939,0.9325842696629212,0.8387152898601155,0.9312523225566703,0.8661971830985915,0.9294363256784969,0.9272727272727271,0.12580540058913098,0.4936539169106239,0.3903586647727273,0.0,0.0
0.3584589003611952,0.550561797752809,0.2671375878627601,0.34782608695652173,0.4154929577464789,0.3077244258872652,0.40909090909090906,0.07711232720043087,0.5210139015533267,0.2243557224025974,1.0,0.0
0.08208982451019738,0.0,0.008525297515484724,0.09067261241174286,0.09330985915492958,0.0780793319415449,0.009090909090909094,0.20100936891170346,0.9449216937818945,0.2621753246753247,0.0,0.3333333333333333
0.20945674778357476,0.15730337078651685,0.05379636717934442,0.31884057971014496,0.198943661971831,0.12359081419624218,0.26363636363636367,0.3044464096920693,0.33379885140215326,0.17636465097402595,1.0,1.0
0.5801743952716262,0.651685393258427,0.38687452153942514,0.6863619472315124,0.5316901408450704,0.5089770354906055,0.5818181818181818,0.1979174285695287,0.46547807585864887,0.3289493709415585,1.0,0.0
0.36560983618519466,0.48314606741573035,0.16836592664764422,0.5395763656633222,0.27992957746478875,0.2826722338204593,0.4,0.3826425783457786,0.30760186207227525,0.3458172686688311,1.0,1.0
0.17322777189974098,0.23595505617977525,0.04802004314844457,0.25269416573764397,0.12323943661971833,0.15699373695198332,0.12727272727272726,0.41530410729365447,0.41251939658620085,0.4260602678571429,0.0,1.0
0.9092633806413952,0.9325842696629212,0.8322430231748904,0.9855072463768116,0.8591549295774648,0.8446764091858038,0.7818181818181817,0.14726280163041666,0.6110188606805204,0.34510704139610393,1.0,0.3333333333333333
0.21872377686161482,0.30337078651685395,0.10867144547289304,0.20587142326272762,0.2605633802816902,0.19498956158663885,0.2727272727272727,0.08678045893703745,0.4588344451376559,0.2289848823051948,1.0,1.0
0.17760589587361814,0.32584269662921345,0.07754541025819472,0.22779635823114086,0.1637323943661972,0.15281837160751569,0.26363636363636367,0.2594570153799096,0.251971652989074,0.30449726055194803,0.0,0.0
0.8629647196176439,0.8089887640449438,0.7687730531004245,0.986250464511334,0.903169014084507,0.6680584551148226,0.9454545454545454,0.130114169065968,0.5100382332709443,0.2226308847402597,0.0,0.3333333333333333
0.639716881316356,0.7078651685393258,0.5580068202380124,0.7160906726124118,0.7288732394366197,0.4559498956158664,0.4636363636363636,0.10186779794003631,0.9112156260498154,0.16611708603896105,0.0,0.3333333333333333
0.6157831369258273,0.7752808988764044,0.4119284570951353,0.770345596432553,0.4823943661971832,0.5807933194154489,0.5,0.28657964904814776,0.4957623458271345,0.44665685876623384,0.0,1.0
0.8379364442336459,0.9550561797752808,0.9114238986707495,0.9487179487179488,0.9242957746478873,0.6108559498956159,0.7727272727272727,0.11023930953315025,0.6823247108508903,0.182807426948052,0.0,0.0
0.05534678390309754,0.06741573033707865,0.004941192845709513,0.08881456707543665,0.015845070422535218,0.0801670146137787,0.08181818181818182,0.6681250872725095,0.07537873334293166,0.7580027394480519,0.0,0.6666666666666666
0.892517056441315,0.8202247191011236,0.7724441506019903,0.9479747305834262,0.8961267605633803,0.7954070981210857,0.9909090909090909,0.12010692129183259,0.47270560381372895,0.29720474837662336,1.0,1.0
0.9400926702907805,0.8089887640449438,0.8401071751687661,0.8807134894091416,0.9911971830985915,0.9002087682672234,0.9181818181818181,0.06790964884866779,0.6025899441698263,0.3079342532467533,0.0,0.3333333333333333
0.8538436280053996,0.898876404494382,0.9132507481383534,0.7911557041991825,0.9806338028169015,0.7482254697286013,0.9818181818181818,0.043712722170874574,0.5438530818575932,0.2343496347402597,0.0,1.0
0.5278922981502426,0.752808988764045,0.44154081703667614,0.6309921962095876,0.5352112676056338,0.40793319415448853,0.5272727272727272,0.16577454767904992,0.5333253347410856,0.23432426948051946,1.0,0.6666666666666666
0.6345361012806012,0.7415730337078652,0.5084557032500522,0.7402452619843924,0.6320422535211268,0.5144050104384134,0.4818181818181818,0.15992313369816014,0.7349330517828864,0.2596387987012987,1.0,1.0
0.7021416323105548,0.752808988764045,0.5996241909666643,0.7748049052396878,0.7429577464788732,0.5653444676409186,0.5272727272727272,0.1191760145221456,0.8105165490873609,0.23346185064935068,0.0,1.0
0.8760626071728265,0.8651685393258426,0.8629340942306354,0.9208472686733556,0.9577464788732395,0.7127348643006264,0.6818181818181818,0.09028465799150215,0.827747116507495,0.22483766233766236,0.0,0.3333333333333333
0.34868109015286947,0.41573033707865165,0.16253740691767,0.49424005945745075,0.3098591549295775,0.24718162839248436,0.38181818181818183,0.2930428017634033,0.3812528994896899,0.25103997564935066,0.0,0.3333333333333333
0.6009704841475427,0.7191011235955056,0.4537198134873686,0.7383872166480863,0.5757042253521126,0.47599164926931115,0.6181818181818182,0.19395442546428976,0.4799763241669467,0.26582792207792205,0.0,0.0
0.3234339085701777,0.42696629213483145,0.19618623425429743,0.3734671125975474,0.3732394366197183,0.22546972860125264,0.4,0.1264437366597735,0.4643214794196222,0.16090452516233764,0.0,0.3333333333333333
0.3669962421102558,0.42696629213483145,0.18198900410606167,0.4154589371980676,0.3433098591549296,0.3402922755741128,0.2727272727272727,0.1865936126496931,0.6463326454544001,0.340427150974026,1.0,1.0
0.6546754715604364,0.6629213483146068,0.5247059642285475,0.6558900037160906,0.7253521126760563,0.5586638830897704,0.6090909090909091,0.0790539327486352,0.6658236150437524,0.23809101055194806,0.0,1.0
0.18074355138823017,0.3146067415730337,0.09457860672280603,0.126347082868822,0.21478873239436624,0.20626304801670148,0.15454545454545457,0.04781536129156666,0.6459951048615444,0.3198686079545454,0.0,1.0
0.38852201831515193,0.43820224719101125,0.18164103277889904,0.49386845039018956,0.3345070422535211,0.33695198329853865,0.38181818181818183,0.2595301580546708,0.42424053366607484,0.34747869318181823,1.0,0.3333333333333333
0.04965522273705718,0.0449438202247191,0.01332730183032918,0.07097733184689707,0.08626760563380283,0.01085594989561587,0.08181818181818182,0.17856786642817718,0.41039976964054337,0.028751521915584444,0.0,1.0
0.8534787843409098,0.8651685393258426,0.7948187069385483,0.9918246005202528,0.8785211267605634,0.6601252609603341,0.8636363636363636,0.14154437433091072,0.553921709779079,0.22856635551948049,1.0,1.0
0.04330694297493523,0.06741573033707865,0.0077249634630106485,0.0891861761426979,0.03345070422535211,0.0279749478079332,0.027272727272727282,0.48959046751467833,0.3471037097470846,0.25450233360389607,0.0,1.0
0.6075741544748076,0.7640449438202246,0.5722040503862481,0.6194723151244891,0.6971830985915493,0.4860125260960334,0.5,0.07541674701278667,0.7955559821471421,0.20185673701298704,0.0,1.0
0.6081579043379912,0.6292134831460674,0.4821142737838402,0.6837606837606838,0.6954225352112676,0.4292275574112735,0.5363636363636364,0.10314447008132133,0.7326438546815761,0.16224888392857142,0.0,0.0
0.059323579846035965,0.033707865168539325,0.011048089637413876,0.039762170196952815,0.07922535211267605,0.07473903966597079,0.018181818181818174,0.12664321668184925,0.7402969077442371,0.2947570008116883,1.0,0.0
0.02214601043452881,0.056179775280898875,0.003479713271626418,0.002972872538089935,0.01056338028169014,0.07098121085594991,0.04545454545454544,0.32591046006742413,0.13012589784197987,0.7581802962662337,0.0,1.0
0.055967018132730126,0.056179775280898875,0.014440810077249636,0.0568561872909699,0.08450704225352114,0.04384133611691023,0.06363636363636363,0.1517710501293295,0.47843099614467854,0.15815239448051946,0.0,0.6666666666666666
0.05268342515232223,0.0,0.006437469552508873,0.09996283909327387,0.0721830985915493,0.006263048016701467,0.08181818181818182,0.29613474210557805,0.343395562381021,0.031922179383116894,0.0,0.6666666666666666
0.044401473968404534,0.0449438202247191,0.013083721901315331,0.05016722408026757,0.08450704225352114,0.01711899791231733,0.009090909090909094,0.13661721778563873,0.8728623762217851,0.05539772727272729,0.0,0.3333333333333333
0.16465394578423148,0.1348314606741573,0.03197856496624678,0.23782980304719437,0.12147887323943664,0.14822546972860126,0.19090909090909094,0.39516992373213816,0.25797059717489723,0.4054256290584416,0.0,1.0
0.07953591885876903,0.056179775280898875,0.01339689609576171,0.10590858416945374,0.07746478873239436,0.0722338204592902,0.054545454545454564,0.2892260840076865,0.4840092143782695,0.2908634334415584,1.0,0.3333333333333333
0.21562260571345182,0.1348314606741573,0.05838958869789129,0.20958751393534003,0.24295774647887325,0.2,0.2727272727272727,0.10953448012181577,0.4189422661611557,0.2618455762987013,0.0,1.0
0.06173154803166843,0.07865168539325842,0.018042313313382977,0.09030100334448161,0.0897887323943662,0.023799582463465564,0.04545454545454544,0.21073734465493277,0.606862792148582,0.0717456371753247,0.0,0.6666666666666666
0.10653435003101171,0.30337078651685395,0.05395295427656761,0.14083983649201043,0.11091549295774648,0.08350730688935284,0.14545454545454548,0.2505269597249835,0.31875029994720927,0.23329697646103895,0.0,1.0
0.591192673939217,0.6404494382022472,0.43938339480826777,0.6179858788554441,0.6197183098591549,0.5173277661795408,0.5636363636363636,0.10994673883410572,0.5962982515077347,0.26988636363636365,0.0,0.0
0.3529497610273998,0.47191011235955055,0.21574222284083794,0.34968413229282796,0.37852112676056343,0.32693110647181634,0.44545454545454544,0.10478020626234286,0.4119019052646734,0.2820997362012987,0.0,0.3333333333333333
0.9374293115400051,0.797752808988764,0.8114691349432807,0.8153102935711631,0.9683098591549295,0.9766179540709813,0.8545454545454546,0.05445804602669041,0.6400297547631617,0.3586774553571428,0.0,0.6666666666666666
0.8252034003429531,0.797752808988764,0.8297898253183937,0.8164251207729468,0.9911971830985915,0.6321503131524009,0.8363636363636363,0.048546788039177835,0.6778566972212892,0.1708603896103896,0.0,0.6666666666666666
0.35718194753548105,0.39325842696629215,0.15223745563365576,0.46079524340393907,0.30281690140845074,0.309812108559499,0.36363636363636365,0.2738927196441276,0.3937323031146519,0.353122463474026,0.0,0.3333333333333333
0.5635375241708928,0.752808988764045,0.527280952049551,0.5756224451876626,0.647887323943662,0.4501043841336117,0.4727272727272728,0.07727191121809152,0.7739981763209676,0.20090553977272727,0.0,0.0
0.9330147031996788,0.8876404494382022,0.8503897278864221,0.8387216648086213,0.9207746478873239,0.9891440501043841,0.6727272727272727,0.07594204440425295,0.8006318887875734,0.39151278409090917,0.0,1.0
0.31723156627385163,0.42696629213483145,0.15693506855035144,0.4254923820141211,0.2904929577464789,0.2409185803757829,0.42727272727272725,0.2597030407404698,0.2950488713986339,0.2651937905844156,0.0,0.3333333333333333
0.23576197599328685,0.2247191011235955,0.08751478878140441,0.3017465626161278,0.26232394366197187,0.15198329853862214,0.22727272727272727,0.18032329062244412,0.5645470397210092,0.15417004870129872,0.0,1.0
0.6039622021963589,0.7303370786516854,0.5473588976268355,0.6291341508732813,0.6936619718309859,0.4701461377870564,0.5909090909090909,0.08092904495614761,0.6519060645326423,0.192281351461039,0.0,0.6666666666666666
0.027618665401875298,0.0449438202247191,0.005532744101886004,0.06465997770345598,0.029929577464788734,0.00960334029227558,0.09090909090909091,0.4281971660538197,0.12279918734302764,0.15611049107142858,1.0,0.6666666666666666
0.7057171002225546,0.5842696629213482,0.5043148444568167,0.73950204384987,0.7799295774647887,0.5720250521920669,0.6272727272727273,0.09032455399591727,0.7053302618739102,0.2196885146103896,0.0,0.6666666666666666
0.343281403918421,0.5280898876404494,0.2767241979260909,0.3433667781493868,0.44894366197183105,0.23549060542797495,0.3727272727272727,0.05383965795825546,0.6409463934347557,0.12116984577922077,1.0,0.0
0.3989930314860083,0.49438202247191004,0.26842508177326185,0.41062801932367154,0.4612676056338028,0.31941544885177453,0.2909090909090909,0.08810367641680683,0.858279342835661,0.20110846185064937,0.0,1.0
0.04327045860848626,0.011235955056179775,1.7398566358132334e-05,0.10516536603493125,0.0017605633802816947,0.044258872651356994,0.009090909090909094,0.9843807142714653,0.1955031914383069,0.650200385551948,0.0,1.0
0.044401473968404534,0.06741573033707865,0.008003340524740762,0.05239687848383502,0.03521126760563381,0.06388308977035492,0.03636363636363635,0.34638375966646934,0.31601158196157475,0.4599609375,0.0,0.3333333333333333
0.8979897114086614,0.9101123595505618,0.8648827336627462,0.9713861018208844,0.9154929577464789,0.769937369519833,0.7727272727272727,0.1206987120239908,0.6739149909615909,0.2737545657467533,1.0,0.0
0.8868254952752745,0.9101123595505618,0.777802909040295,0.9487179487179488,0.8186619718309859,0.8551148225469729,0.7181818181818183,0.15153832343690776,0.6374686055254276,0.375583400974026,1.0,0.3333333333333333
0.05188076909044474,0.10112359550561797,0.021522026585009395,0.0003716090672612471,0.09330985915492958,0.07640918580375783,0.054545454545454564,0.008650783624020053,0.5734350754267249,0.2561383928571429,0.0,1.0
0.6143967310007662,0.6853932584269662,0.5079685433920245,0.7346711259754738,0.6795774647887324,0.4150313152400835,0.4636363636363636,0.1322020599636946,0.8379053286621556,0.15916700487012983,0.0,1.0
0.40712904520413007,0.5056179775280898,0.2601085670540747,0.43924191750278707,0.4366197183098592,0.3402922755741128,0.3363636363636364,0.12248073355453448,0.6929436419190224,0.24266943993506493,0.0,0.0
0.5098690211244482,0.6292134831460674,0.39599137031108633,0.5574136008918618,0.5633802816901409,0.39749478079331946,0.5727272727272728,0.11017281619245828,0.5146742173377487,0.20666345373376624,0.0,0.0
0.1827137071764749,0.23595505617977525,0.053413598719465515,0.2500929022668153,0.1408450704225352,0.16910229645093947,0.21818181818181817,0.3528668603839325,0.2647741997408456,0.4051212459415584,0.0,1.0
0.6343536794483564,0.7191011235955056,0.5618693019695177,0.6042363433667781,0.7235915492957746,0.5507306889352819,0.5545454545454545,0.05884660651235779,0.7409655900561503,0.2335633116883117,0.0,1.0
0.06716771863256595,0.0449438202247191,0.01357088175934303,0.09178743961352658,0.08802816901408451,0.0396659707724426,0.054545454545454564,0.21948121895592154,0.5436259218377566,0.13428368506493507,0.0,0.0
0.21091612244153385,0.15730337078651685,0.0387640058459183,0.3247863247863248,0.13556338028169013,0.1849686847599165,0.13636363636363638,0.49284199187451366,0.430687399017773,0.4658329951298701,0.0,0.3333333333333333
0.5957167353788901,0.595505617977528,0.4511622242327232,0.6584912671869194,0.681338028169014,0.43131524008350736,0.4727272727272728,0.09872266292530801,0.8229431620034875,0.17020089285714288,0.0,0.6666666666666666
0.636433288335948,0.6179775280898876,0.4724580694550769,0.6659234485321442,0.6919014084507042,0.5302713987473905,0.5,0.09719331608939363,0.7881844795316026,0.2362139813311688,0.0,0.0
0.04491225509869022,0.056179775280898875,0.013135917600389728,0.002229654403567455,0.07570422535211267,0.0722338204592902,0.018181818181818174,0.045561237042110236,0.7138551614915776,0.2971413352272727,1.0,0.6666666666666666
0.1991316720785144,0.24719101123595505,0.07871111420418957,0.25678186547751763,0.21478873239436624,0.13653444676409188,0.24545454545454545,0.20035773417292252,0.40414647022124106,0.18143770292207792,0.0,0.0
0.04162866211828231,0.056179775280898875,0.013657874591133691,0.02861389817911557,0.07922535211267605,0.03465553235908143,0.009090909090909094,0.10039164577667542,0.8296267856857193,0.13455002029220783,0.0,0.6666666666666666
0.04250428691305776,0.06741573033707865,0.013292504697612915,0.059829059829059825,0.06866197183098592,0.018371607515657626,0.054545454545454564,0.208609557752791,0.4343283582089553,0.09035105519480521,0.0,0.3333333333333333
0.5872888467291766,0.595505617977528,0.49610272113577836,0.5845410628019324,0.7535211267605634,0.4050104384133612,0.4545454545454545,0.04042795114069325,0.9678216633872441,0.12203226461038966,0.0,0.3333333333333333
0.040461162391915065,0.07865168539325842,0.007690166330294384,0.06874767744332962,0.028169014084507046,0.044258872651356994,0.009090909090909094,0.45778670266172844,0.4116811441186352,0.38709922889610393,0.0,0.0
0.9537743077091466,0.9887640449438202,0.9659684042034936,0.8587885544407283,0.9507042253521127,1.0,0.7272727272727273,0.07308948008856914,0.7607653053062662,0.3804408482142857,0.0,1.0
0.023422963260242985,0.0,0.00591551256176491,0.023039762170196973,0.06690140845070423,0.0,0.04545454545454544,0.11958162390036636,0.4691382316712259,0.013316761363636381,0.0,0.3333333333333333
0.8687292495165823,0.9325842696629212,0.8338610898461967,0.8431809736157563,0.8609154929577465,0.8605427974947808,0.9,0.09755902946319928,0.5097374862024284,0.3533761160714286,0.0,1.0
0.6007150935823999,0.6067415730337078,0.35152063469970074,0.6900780379041249,0.5123239436619718,0.5832985386221294,0.6272727272727273,0.21464050375354904,0.3979251651709299,0.41624391233766245,1.0,1.0
0.06651100003648437,0.07865168539325842,0.014493005776324033,0.0865849126718692,0.06866197183098592,0.0617954070981211,0.009090909090909094,0.27700460798850995,0.7431556046135881,0.2787768871753247,0.0,0.3333333333333333
0.1897187055346784,0.30337078651685395,0.09450901245737352,0.22073578595317728,0.221830985915493,0.13653444676409188,0.1090909090909091,0.1482801497430032,0.8779478811729138,0.17238230519480516,1.0,1.0
0.3368236710569521,0.3595505617977528,0.15265502122625096,0.4451876625789669,0.32922535211267606,0.24008350730688938,0.2909090909090909,0.2263233837131211,0.5732927004847148,0.2196885146103896,0.0,0.3333333333333333
0.3608303841803787,0.3595505617977528,0.16726981696708193,0.3961352657004831,0.3644366197183099,0.31983298538622135,0.31818181818181823,0.1509997273773031,0.5893858680872167,0.288377637987013,0.0,0.0
0.9299135320515161,1.0,0.8432563156795879,0.9502043849869938,0.8151408450704225,0.9803757828810021,0.6818181818181818,0.15362621433463436,0.6754811153237031,0.4548244724025974,0.0,1.0
0.34795140282389,0.5056179775280898,0.214176351868606,0.3801560758082497,0.35211267605633806,0.31022964509394574,0.32727272727272727,0.15020180728899996,0.546858952824303,0.2897600446428571,0.0,1.0
0.3731621000401328,0.47191011235955055,0.21845639919270654,0.4065403195837979,0.3838028169014085,0.32609603340292276,0.32727272727272727,0.14159091966939508,0.6093215594055448,0.27558086444805197,0.0,0.6666666666666666
0.3813345981247036,0.41573033707865165,0.22141415547358895,0.4024526198439242,0.4366197183098592,0.30104384133611695,0.32727272727272727,0.09888889627703784,0.7134248372286478,0.1999416599025974,0.0,0.6666666666666666
0.3346346090700135,0.38202247191011235,0.14489526063052405,0.5065031586770717,0.29401408450704225,0.21127348643006266,0.3090909090909091,0.3279518056266664,0.463348850602294,0.21527495941558442,0.0,0.6666666666666666
0.0528658469845671,0.10112359550561797,0.004001670262370381,0.10107766629505761,0.0,0.07724425887265138,0.08181818181818182,0.9999999999999998,0.0,1.0,0.0,1.0
0.3686380386004597,0.5168539325842696,0.2610480896374139,0.44109996283909325,0.42957746478873243,0.23549060542797495,0.4545454545454545,0.1288308475906138,0.4780582617459328,0.1329773741883117,0.0,1.0
0.1345908278302747,0.1797752808988764,0.044296749947804304,0.1207729468599034,0.14260563380281693,0.15114822546972861,0.23636363636363636,0.1410456742757213,0.2406152517156981,0.3512581168831169,0.0,0.6666666666666666
0.7623043525849174,0.8876404494382022,0.7869023592455981,0.7829803047194351,0.8485915492957746,0.6250521920668058,0.8636363636363636,0.08104873296939308,0.5280462638575611,0.22114701704545456,0.0,0.3333333333333333
0.8899631507898865,0.8314606741573034,0.8110515693506855,0.8606465997770346,0.9313380281690141,0.8350730688935283,0.6545454545454544,0.07965902214893178,0.837946921341844,0.3018846387987013,1.0,0.0
0.1979276879856981,0.2696629213483146,0.0863664834017677,0.20958751393534003,0.221830985915493,0.17035490605427978,0.2545454545454545,0.13557327233677546,0.4037385420166051,0.2378119926948052,0.0,0.3333333333333333
0.18705534678390312,0.2696629213483146,0.08222562460853225,0.2121887774061687,0.20950704225352113,0.1490605427974948,0.24545454545454545,0.1557938972411913,0.391209547119707,0.21391791801948054,0.0,1.0
0.15119121456455908,0.1797752808988764,0.04610620084905004,0.15013006317354144,0.14964788732394368,0.1640918580375783,0.22727272727272727,0.17349442453338293,0.2728591767848859,0.3670226258116883,0.0,1.0
0.21989127658798208,0.1348314606741573,0.03848562878418818,0.32292827945001856,0.15140845070422537,0.1966597077244259,0.09090909090909091,0.4343012547293387,0.6719553358608885,0.4469485592532467,0.0,0.3333333333333333
0.035462804188405264,0.056179775280898875,0.0079163476929501,0.08324043106651803,0.040492957746478875,0.004175365344467642,0.08181818181818182,0.41649433809204,0.19263649597670812,0.08887987012987017,0.0,0.6666666666666666
0.3429165602539312,0.47191011235955055,0.18136265571716892,0.47565960609438873,0.3116197183098592,0.24634655532359084,0.42727272727272725,0.2745377050488393,0.3286685543344372,0.24776785714285718,0.0,0.6666666666666666
0.5335473749498341,0.6629213483146068,0.3674403229173916,0.7168338907469343,0.49471830985915494,0.38371607515657624,0.6272727272727273,0.2442699363658729,0.3777015245316825,0.24085582386363638,0.0,0.6666666666666666
0.17476011529059798,0.1797752808988764,0.07098615074117892,0.1869193608324043,0.24647887323943662,0.10104384133611694,0.15454545454545457,0.08182670505548867,0.7522484042808468,0.08096590909090909,1.0,1.0
0.04308803677624139,0.0,0.0020878279629758505,0.05128205128205128,0.028169014084507046,0.06805845511482256,0.054545454545454564,0.39129336196979875,0.20579737966117967,0.540914163961039,1.0,0.3333333333333333
0.04633514539020031,0.06741573033707865,0.018024914747024844,0.0037160906726124154,0.09859154929577464,0.05219206680584552,0.06363636363636363,0.007261072803558699,0.5532722240885605,0.15674462256493507,0.0,0.3333333333333333
0.8934291656025394,0.9101123595505618,0.8458834991996659,0.9201040505388333,0.8943661971830986,0.8258872651356994,0.8,0.11150933234036609,0.6260530146694182,0.3152521306818181,0.0,0.6666666666666666
0.1705279287825167,0.28089887640449435,0.06715846614238986,0.1605351170568562,0.15845070422535212,0.20083507306889356,0.20909090909090908,0.17215790838547512,0.32869414982962997,0.43690391639610393,0.0,0.3333333333333333
0.36455178955817436,0.5056179775280898,0.1950379288746607,0.5035302861389818,0.31690140845070425,0.2768267223382046,0.3545454545454546,0.2909815082019535,0.43293340372094513,0.28565087256493504,0.0,1.0
0.04458389580064942,0.06741573033707865,0.018860045932215186,0.004459308807134896,0.10387323943661973,0.041336116910229655,0.027272727272727282,0.0007912707542339636,0.8355665402889094,0.1090706168831169,0.0,1.0
0.5224926119157941,0.651685393258427,0.3904238290764841,0.6447417316982534,0.5369718309859155,0.37787056367432154,0.6090909090909091,0.1719185323589842,0.4438146886148039,0.20592786120129866,0.0,0.0
0.16199058703345615,0.24719101123595505,0.048646391537337325,0.23151244890375328,0.11971830985915492,0.14822546972860126,0.09090909090909091,0.39007653383513635,0.5286973492665291,0.4112850040584416,0.0,0.3333333333333333
0.3670692108431537,0.5393258426966292,0.18581668870485074,0.5261984392419176,0.28169014084507044,0.2977035490605428,0.40909090909090906,0.36689695526992966,0.30036313608804854,0.36699726055194815,0.0,0.6666666666666666
0.13608668685468273,0.16853932584269665,0.051499756420070986,0.1289483463396507,0.17957746478873238,0.11106471816283928,0.2545454545454545,0.09327020898856975,0.3029690774423701,0.17674512987012989,0.0,0.6666666666666666
0.20416651464847313,0.1797752808988764,0.04655856357436147,0.3084355258268302,0.15140845070422537,0.1653444676409186,0.26363636363636367,0.4121390242767186,0.22333189358672878,0.3656529017857143,0.0,0.6666666666666666
0.4560545806122077,0.37078651685393255,0.21777785510473935,0.5332590115198811,0.4735915492957747,0.3553235908141963,0.30000000000000004,0.15379909702043337,0.858516101166195,0.22871854707792208,0.0,0.6666666666666666
0.05447115910832208,0.011235955056179775,0.010926299672906953,0.009290226681531039,0.10211267605633804,0.06680584551148225,0.027272727272727282,0.01311248678444854,0.8233558893634723,0.1991807021103896,0.0,0.0
0.6836075741544748,0.6629213483146068,0.5355104739369476,0.7714604236343366,0.7411971830985915,0.5173277661795408,0.5,0.11863076912847176,0.8569883700468719,0.20209770698051951,0.0,0.6666666666666666
0.6340253201503155,0.6292134831460674,0.39369475955181293,0.7788926049795615,0.5598591549295774,0.5482254697286013,0.509090909090909,0.2256850476424786,0.5909471932939804,0.34003398944805197,0.0,1.0
0.029223977525630274,0.0449438202247191,0.0023662050247059644,0.09513192121887774,0.007042253521126765,0.008350730688935284,0.09090909090909091,0.8288993357315262,0.019334197181296142,0.26790787337662336,0.0,1.0
0.6041446240286037,0.6404494382022472,0.4743545131881133,0.5785953177257526,0.6725352112676056,0.5390396659707725,0.509090909090909,0.06810247953667437,0.7458367327350387,0.2536018668831169,0.0,0.0
0.39271772045678427,0.39325842696629215,0.2250504558424386,0.4388703084355259,0.46654929577464793,0.2697286012526096,0.3727272727272727,0.10194094061479742,0.6722512837740559,0.14631950081168835,0.0,0.3333333333333333
0.0,0.06741573033707865,0.0032709304753288336,0.011891490152359727,0.00528169014084507,0.00459290187891441,0.07272727272727272,0.4219999867013317,0.04039609028810931,0.24733664772727273,1.0,0.6666666666666666
0.5972855631361962,0.6292134831460674,0.3741735680979887,0.6789297658862876,0.5299295774647887,0.5665970772442589,0.5818181818181818,0.19520450026929798,0.4633200556702022,0.38318029626623373,1.0,1.0
0.3358021087963808,0.39325842696629215,0.14127635882803258,0.36380527684875513,0.27816901408450706,0.3640918580375783,0.3909090909090909,0.21948121895592154,0.3151141399113756,0.47941609172077926,1.0,0.6666666666666666
0.6099821226604399,0.7303370786516854,0.5473588976268355,0.6150130063173541,0.6936619718309859,0.5006263048016701,0.509090909090909,0.0749845402982891,0.7748780214682218,0.21407010957792208,1.0,0.6666666666666666
0.5970301725710533,0.6853932584269662,0.5017920523348876,0.6161278335191379,0.6707746478873239,0.4851774530271399,0.5818181818181818,0.08513142408787755,0.63602885892083,0.2149325284090909,1.0,0.6666666666666666
0.8613229231274399,0.8539325842696628,0.7751409283875008,0.9360832404310665,0.8661971830985915,0.746972860125261,0.9181818181818181,0.12746108477236007,0.5003583369326998,0.28439529220779214,0.0,0.6666666666666666
0.6164763398883578,0.6404494382022472,0.4475433224302317,0.6633221850613155,0.6320422535211268,0.5348643006263049,0.4636363636363636,0.12462846845888381,0.7672137703764139,0.27558086444805197,0.0,0.3333333333333333
0.8886861979641724,0.8651685393258426,0.7933050316653908,0.8974358974358975,0.8767605633802816,0.8509394572025053,0.8545454545454546,0.11031910154198055,0.5601206187710964,0.3388925527597403,0.0,0.3333333333333333
0.006822576525958621,0.011235955056179775,0.00040016702623703847,0.00594574507617987,0.00528169014084507,0.029645093945720256,0.09090909090909091,0.3907082205717097,0.011375597894770495,0.4711470170454545,0.0,0.6666666666666666
0.630267430406071,0.6629213483146068,0.4514753984271696,0.6904496469713861,0.6179577464788732,0.562839248434238,0.509090909090909,0.14478924935667686,0.6708115371694582,0.30723670860389607,0.0,0.0
0.3367871866905031,0.41573033707865165,0.18870485072030063,0.4132292827945002,0.36619718309859156,0.23340292275574115,0.2727272727272727,0.16219720594982406,0.6981939178704548,0.1765929383116883,0.0,0.6666666666666666
0.3903462366376008,0.43820224719101125,0.23961305588419513,0.4362690449646971,0.45422535211267606,0.2776617954070981,0.4,0.10840409333005302,0.6003423397482044,0.16242644074675325,0.0,0.6666666666666666
0.034003429530446216,0.0898876404494382,0.008803674577214838,0.08547008547008549,0.029929577464788734,0.008350730688935284,0.009090909090909094,0.5057682973050248,0.42609300763065705,0.1481838474025974,0.0,0.6666666666666666
0.37374584990331644,0.39325842696629215,0.20704293966177184,0.4043106651802304,0.42605633802816906,0.28810020876826725,0.38181818181818183,0.10736014788118964,0.5839052326790485,0.19376521915584413,0.0,1.0
0.6404830530117844,0.6853932584269662,0.5474980861577006,0.6473429951690821,0.7359154929577465,0.5156576200417536,0.4818181818181818,0.07150028924603197,0.8845099262529796,0.20348011363636362,0.0,1.0
0.1708198037141085,0.3146067415730337,0.058215603034309976,0.2969156447417317,0.11795774647887323,0.1139874739039666,0.1090909090909091,0.515835389085783,0.4508742461326807,0.311130275974026,0.0,1.0
0.17154949104308803,0.29213483146067415,0.10432180388336001,0.15793385358602752,0.2570422535211268,0.10855949895615868,0.2545454545454545,0.04191075263812333,0.48771256258898443,0.08521459009740259,1.0,1.0
0.8914590098142946,0.9101123595505618,0.8031352216577353,0.8275733927907841,0.8468309859154929,0.954070981210856,0.890909090909091,0.09724651076194718,0.5049383308537698,0.4171063311688311,0.0,0.0
0.5849903316428909,0.696629213483146,0.526480617997077,0.6042363433667781,0.6954225352112676,0.4375782881002088,0.4545454545454545,0.0697382157176959,0.8799843227591946,0.16819703733766236,0.0,1.0
0.2925316501878945,0.43820224719101125,0.15862272948709027,0.37755481233742105,0.2869718309859155,0.2187891440501044,0.38181818181818183,0.22054511240699243,0.3413367247364465,0.23507254464285712,1.0,0.3333333333333333
0.8669779999270312,0.8202247191011236,0.7955494467255898,0.8420661464139725,0.9242957746478873,0.7937369519832986,0.8454545454545456,0.0759154470679761,0.6098830605813378,0.28272118506493504,0.0,1.0
0.1354664526250502,0.23595505617977525,0.05826779873338436,0.1757710888145671,0.15669014084507044,0.08810020876826724,0.1636363636363636,0.19823659660485,0.42619698932987793,0.1566304788961039,0.0,1.0
0.15932722828268087,0.23595505617977525,0.06959426543252836,0.19435154217762912,0.19366197183098594,0.10229645093945722,0.13636363636363638,0.15786184013671029,0.641008782454288,0.1379489650974026,0.0,1.0
0.4205552920573534,0.5280898876404494,0.24895608601851205,0.5213675213675214,0.3996478873239437,0.33820459290187893,0.31818181818181823,0.20822389637677785,0.6603269824510887,0.2741477272727273,1.0,1.0
0.22853807143638954,0.24719101123595505,0.08260839306841117,0.2902266815310294,0.22711267605633806,0.177035490605428,0.11818181818181817,0.21888277888969415,0.8498408280142695,0.24277090097402595,1.0,0.6666666666666666
0.15764894742602792,0.21348314606741575,0.05261326466699144,0.19509476031215162,0.15140845070422537,0.1386221294363257,0.1090909090909091,0.23880418376099627,0.5884068403960904,0.29627891639610393,0.0,0.3333333333333333
0.5602904155569338,0.7078651685393258,0.38527385343447695,0.6213303604607953,0.48943661971830993,0.5549060542797495,0.6090909090909091,0.19358206275641493,0.38779254851146194,0.41317471590909094,1.0,0.6666666666666666
0.1190484877230107,0.2247191011235955,0.043148444568167584,0.11296915644741733,0.11267605633802817,0.14363256784968687,0.22727272727272727,0.19295702535391074,0.1771496216665867,0.42124086850649356,0.0,1.0
0.4092816228246197,0.550561797752809,0.2999860811469135,0.4544778892604979,0.47183098591549294,0.29728601252609604,0.32727272727272727,0.10793863994520947,0.7828270224440499,0.17110135957792208,0.0,0.6666666666666666
0.014958590244080416,0.056179775280898875,0.004784605748486326,0.032329988851727984,0.019366197183098594,0.014196242171189984,0.009090909090909094,0.38465732656874413,0.3396218265585258,0.23650568181818185,0.0,1.0
0.5331825312853442,0.651685393258427,0.44248033962001526,0.5652173913043478,0.6144366197183099,0.4062630480167015,0.5909090909090909,0.08779780704962392,0.5560493353169843,0.1846083603896104,0.0,1.0
0.3755335838593163,0.39325842696629215,0.15693506855035144,0.4979561501300632,0.31338028169014087,0.31691022964509397,0.3363636363636364,0.29120758556030607,0.45519348594647346,0.34830306412337664,0.0,1.0
0.5910102521069722,0.5730337078651686,0.362359941540817,0.6313638052768488,0.5580985915492958,0.5653444676409186,0.4818181818181818,0.1511393633927562,0.6284541920621971,0.3564579951298702,0.0,0.0
0.20190448392863658,0.21348314606741575,0.06371355000347971,0.23968784838350055,0.19014084507042256,0.1849686847599165,0.19090909090909094,0.22181513521420826,0.4585784901857274,0.3231026785714286,0.0,1.0
0.9107957240322522,0.797752808988764,0.7100006959426542,0.8502415458937198,0.8415492957746479,0.9933194154488519,0.9363636363636364,0.1071473691909755,0.4672649613667995,0.4440188717532467,0.0,1.0
0.1636323835236601,0.29213483146067415,0.09555292643886143,0.1705685618729097,0.23239436619718312,0.09853862212943634,0.22727272727272727,0.07924011410257265,0.48706627633536503,0.08881645698051946,0.0,1.0
0.3960013134371922,0.5168539325842696,0.24838193332869368,0.4782608695652174,0.40669014084507044,0.3014613778705637,0.3545454545454546,0.17207811637664483,0.5990945593575531,0.2246981534090909,0.0,1.0
0.6288810244810099,0.752808988764045,0.5353190897070081,0.6982534373838721,0.6584507042253521,0.511482254697286,0.509090909090909,0.12688259270834024,0.7264753403401003,0.24137581168831165,0.0,0.0
0.9121821299573134,0.9662921348314606,0.951144825666365,0.8952062430323301,0.9559859154929577,0.8417536534446765,0.890909090909091,0.08285070250214438,0.5966901825278752,0.2938058035714286,1.0,0.3333333333333333
0.16140683717027254,0.12359550561797752,0.041582573595935694,0.11148272017837237,0.176056338028169,0.20334029227557412,0.09090909090909091,0.07436615222985415,0.7833789253091457,0.3960658482142857,1.0,0.3333333333333333
0.2018315151957386,0.3146067415730337,0.10647922611176838,0.2738758825715347,0.24647887323943662,0.09686847599164927,0.12727272727272726,0.17281619245832525,0.8771672185695318,0.07354657061688313,1.0,0.0
0.9055784596300486,0.8202247191011236,0.7392302874243162,0.9494611668524712,0.8556338028169014,0.8713987473903967,0.7,0.1362515044118331,0.6964454256050936,0.36281199269480524,0.0,1.0
0.13521106205990735,0.1797752808988764,0.03705894634282135,0.15458937198067635,0.11443661971830986,0.1490605427974948,0.2545454545454545,0.266119648117241,0.14761561965094144,0.4322113433441559,0.0,0.6666666666666666
0.15983800941296655,0.25842696629213485,0.04805484028116083,0.2716462281679673,0.11267605633802817,0.11148225469728604,0.11818181818181817,0.4918312930959963,0.3997024523683832,0.31844815340909083,0.0,1.0
0.13240176584333613,0.29213483146067415,0.0554666295497251,0.1653660349312523,0.11971830985915492,0.12567849686847601,0.12727272727272726,0.2705281566051159,0.39924333317336147,0.3421012581168832,0.0,0.6666666666666666
0.7959794228173227,0.9101123595505618,0.8110515693506855,0.79041248606466,0.8556338028169014,0.7073068893528184,0.9181818181818181,0.08120831698705372,0.4917182575866649,0.26641132305194803,0.0,1.0
0.3492648400160531,0.39325842696629215,0.19138422993945298,0.42251950947603123,0.39084507042253525,0.2359081419624217,0.2909090909090909,0.14699682826764898,0.7062868935067429,0.1601942978896104,0.0,1.0
0.19993432814039186,0.29213483146067415,0.09304753288329042,0.21962095875139354,0.22535211267605637,0.1632567849686848,0.21818181818181817,0.14225585307631433,0.489953768136808,0.21906706574675325,0.0,0.3333333333333333
0.20748659199532998,0.3146067415730337,0.09722318880924212,0.26681531029357114,0.221830985915493,0.14405010438413363,0.20909090909090908,0.20079659022148932,0.5026811281214507,0.18691659902597405,0.0,1.0
0.6398993031486008,0.6179775280898876,0.5063852738534345,0.7658862876254181,0.7447183098591549,0.3941544885177453,0.5818181818181818,0.11488719404751607,0.7267009006414872,0.11803723620129866,0.0,0.6666666666666666
0.8575285490167462,0.8539325842696628,0.7676595448535041,0.7926421404682275,0.8573943661971831,0.8793319415448853,0.9818181818181818,0.08137455033878355,0.4490361696341444,0.36642654220779225,0.0,0.3333333333333333
0.8904009631872742,0.898876404494382,0.9289094578606722,0.8978075065031587,0.9982394366197183,0.7352818371607516,0.8454545454545456,0.07102818652711934,0.6750507910607734,0.2209440949675325,1.0,0.3333333333333333
0.0821992776095443,0.06741573033707865,0.016911406500104392,0.09513192121887774,0.09154929577464789,0.07599164926931107,0.06363636363636363,0.21583073455193458,0.5158516101166196,0.2597909902597403,0.0,0.3333333333333333
0.37706592725017335,0.38202247191011235,0.1931240865752662,0.3935340022296544,0.40492957746478875,0.3286012526096034,0.4545454545454545,0.11553882878629701,0.44079282046359847,0.2578125,0.0,0.6666666666666666
0.6622642197818235,0.7078651685393258,0.5859489178091725,0.6250464511334076,0.7676056338028169,0.5674321503131524,0.5545454545454545,0.051292963009754555,0.7972148901793286,0.22260551948051946,0.0,1.0
0.377467255281112,0.40449438202247184,0.1685573108775837,0.4358974358974359,0.33098591549295775,0.3632567849686848,0.36363636363636365,0.2166486026424453,0.4448209115195726,0.38873528814935066,1.0,1.0
0.8520194096829509,0.8202247191011236,0.8085461757951145,0.7878112225938313,0.9401408450704225,0.7862212943632568,0.7909090909090908,0.05383965795825546,0.6779222856777208,0.27140827922077926,0.0,0.3333333333333333
0.5824729103579116,0.6292134831460674,0.44996172315401206,0.6410256410256411,0.6461267605633803,0.4446764091858038,0.5272727272727272,0.10745323855815836,0.681316888227672,0.19770951704545456,0.0,0.6666666666666666
0.1800503484256996,0.28089887640449435,0.05437051986916278,0.23708658491267187,0.12147887323943664,0.19290187891440502,0.09090909090909091,0.39384005691829954,0.5366559485530548,0.5411297686688311,0.0,0.3333333333333333
0.645846254879784,0.6179775280898876,0.5165634351729417,0.7435897435897436,0.7605633802816901,0.41628392484342386,0.4727272727272728,0.09954718034988796,0.9388635600134378,0.12687702922077923,0.0,1.0
0.20398409281622826,0.1797752808988764,0.0587723571577702,0.25492382014121145,0.198943661971831,0.16784968684759918,0.23636363636363636,0.2250201142355593,0.3824190942394139,0.26972148944805197,1.0,1.0
0.38633295632821335,0.3595505617977528,0.18992275036536987,0.38238573021181715,0.4190140845070423,0.3515657620041754,0.3363636363636364,0.09781170415782858,0.6589784197981156,0.270900974025974,0.0,1.0
0.17800722390455692,0.14606741573033705,0.04770686895399819,0.2285395763656633,0.1830985915492958,0.13402922755741128,0.1090909090909091,0.22046532039816208,0.7187007086752732,0.22321428571428573,1.0,0.0
0.18712831551680104,0.14606741573033705,0.06331338297724268,0.11259754738015608,0.2517605633802817,0.20083507306889356,0.2545454545454545,0.0,0.475116379517205,0.25077364042207795,1.0,0.3333333333333333
0.6976175708708818,0.7191011235955056,0.6030691071055745,0.7469342251950948,0.7799295774647887,0.5419624217118998,0.49090909090909096,0.09313057297311672,0.9291836636751933,0.2004235998376623,0.0,0.6666666666666666
0.08121419971542194,0.056179775280898875,0.01574570255410954,0.09030100334448161,0.09330985915492958,0.07599164926931107,0.018181818181818174,0.2002180981574695,0.8460622930364257,0.2546291599025974,0.0,0.6666666666666666
0.21394432485679887,0.24719101123595505,0.06757603173498504,0.2794500185804534,0.17957746478873238,0.19248434237995826,0.1727272727272727,0.2957490807295649,0.47438050903041074,0.36269784902597413,0.0,0.0
0.3718486628479697,0.40449438202247184,0.17576031734985037,0.4251207729468599,0.346830985915493,0.3415448851774531,0.38181818181818183,0.1905100704164478,0.44573435075426726,0.3375862418831169,1.0,1.0
0.5243897989711409,0.696629213483146,0.4049690305518825,0.6217019695280565,0.5246478873239436,0.4171189979123174,0.4636363636363636,0.16796217858781443,0.6075042792468526,0.2502536525974025,0.0,0.0
0.15888941588529315,0.12359550561797752,0.05363978008212123,0.1181716833890747,0.2341549295774648,0.13235908141962424,0.19090909090909094,0.020180728900000666,0.5871734574714851,0.14985795454545456,0.0,0.0
0.13065051625378526,0.29213483146067415,0.054840281160832345,0.11519881085098478,0.11795774647887323,0.16951983298538625,0.15454545454545457,0.1840469177011922,0.3213290460878886,0.4832589285714286,0.0,1.0
0.16242839943084386,0.16853932584269665,0.0541095413737908,0.21813452248234855,0.19014084507042256,0.09227557411273488,0.23636363636363636,0.19407411347753517,0.36026139399465695,0.12053571428571427,0.0,0.3333333333333333
0.8797840125506221,0.943820224719101,0.80691071055745,0.9565217391304347,0.8221830985915493,0.8242171189979124,0.7909090909090908,0.15280834624412365,0.5675401129401226,0.3545302353896105,0.0,0.0
0.3722135065124594,0.42696629213483145,0.18699979121720373,0.5061315496098104,0.35387323943661975,0.2597077244258873,0.2727272727272727,0.24571949119295694,0.6702692326150599,0.22161627435064932,1.0,0.3333333333333333
0.19504542303622902,0.12359550561797752,0.056197369336766646,0.16276477146042362,0.24647887323943662,0.1816283924843424,0.13636363636363638,0.05655258625848619,0.8322103309817475,0.22411475243506493,1.0,0.3333333333333333
0.5469371374366084,0.7303370786516854,0.386857122973067,0.6506874767744333,0.47711267605633806,0.5014613778705637,0.4727272727272728,0.22082438443789848,0.5241221545008079,0.3730341923701299,0.0,1.0
0.37228647524535735,0.550561797752809,0.21581181710627045,0.5235971757710888,0.3274647887323944,0.2697286012526096,0.2727272727272727,0.29308934710188767,0.6104285645726353,0.2629996956168831,0.0,1.0
0.8116312160239337,0.8764044943820224,0.7611524810355627,0.8918617614269789,0.829225352112676,0.6830897703549061,0.9909090909090909,0.12670306068847204,0.4216649869622947,0.2649274553571429,0.0,1.0
0.1522127768251304,0.12359550561797752,0.03244832625791635,0.18431809736157562,0.13204225352112675,0.15240083507306892,0.21818181818181817,0.26938447114521474,0.24131752811505175,0.38458806818181823,0.0,0.3333333333333333
0.9380495457696377,1.0,1.0,0.832032701597919,0.9753521126760563,0.955741127348643,0.8181818181818182,0.057623129043626264,0.6820383612484204,0.3441938920454546,0.0,1.0
0.3778685833120508,0.41573033707865165,0.18052752453197857,0.4968413229282794,0.3485915492957747,0.2897703549060543,0.34545454545454546,0.2447087924144396,0.5070211642750877,0.26667765827922074,0.0,0.6666666666666666
0.5445291692509759,0.7640449438202246,0.46770826083930683,0.6462281679672984,0.5616197183098591,0.4150313152400835,0.509090909090909,0.15655192132507928,0.5933675673081539,0.22297331574675325,1.0,0.6666666666666666
0.22459775985990005,0.30337078651685395,0.10609645765188948,0.2329988851727982,0.2535211267605634,0.19331941544885178,0.13636363636363638,0.12178920281133843,0.857703444193822,0.23530083198051951,0.0,0.3333333333333333
0.14943996497500822,0.32584269662921345,0.07279560164242466,0.22668153102935712,0.15140845070422537,0.08559498956158665,0.1,0.2871115957736832,0.6282014365471679,0.15860896915584413,0.0,0.6666666666666666
0.9289284541573936,0.9887640449438202,0.9761987612220753,0.8680787811222594,0.9612676056338028,0.909812108559499,0.7727272727272727,0.07280355872359384,0.717649693653917,0.32719916801948046,0.0,0.6666666666666666
0.7941916888613229,0.8089887640449438,0.7459461340385551,0.7907840951319213,0.875,0.6826722338204594,0.8181818181818182,0.07482495628062846,0.5909455935755308,0.24306260146103895,1.0,0.3333333333333333
0.03995038126162939,0.0898876404494382,0.014440810077249636,0.06651802303976219,0.061619718309859156,0.011691022964509398,0.07272727272727272,0.25339947204287483,0.3232199132952601,0.07563920454545456,0.0,0.6666666666666666
0.9931774234740415,0.8764044943820224,0.9050734219500313,0.990709773318469,0.994718309859155,0.945302713987474,0.9363636363636364,0.09993284172590111,0.5903201036617556,0.32930448457792216,0.0,0.3333333333333333
0.15483965120945675,0.21348314606741575,0.08137309485698378,0.1397250092902267,0.2517605633802817,0.08308977035490606,0.13636363636363638,0.027900605754333674,0.8513301658908035,0.04522625811688313,0.0,0.3333333333333333
0.11273669232733775,0.28089887640449435,0.057415268981835896,0.13043478260869568,0.13028169014084506,0.09185803757828812,0.1727272727272727,0.18232474017727124,0.3204555998144327,0.21476765422077923,0.0,0.3333333333333333
0.031011711481630122,0.07865168539325842,0.01715498642911824,0.01151988108509848,0.08450704225352114,0.015031315240083512,0.07272727272727272,0.04908538409878249,0.43811649149749643,0.04736962256493507,0.0,1.0
0.5757597869312999,0.595505617977528,0.44129723710766233,0.6406540319583798,0.6654929577464789,0.40668058455114825,0.509090909090909,0.09817741753163417,0.7361568363967943,0.1594840706168831,0.0,1.0
0.03137655514611988,0.0,0.0,0.08026755852842811,0.007042253521126765,0.02839248434237996,0.018181818181818174,0.75290409665472,0.19824350914239097,0.4418374594155844,0.0,0.0
0.547630340399139,0.6629213483146068,0.3782448326257916,0.6518023039762171,0.5105633802816901,0.46931106471816286,0.5636363636363636,0.19469250154597018,0.4587352625937836,0.31021712662337664,0.0,1.0
0.6170236053850925,0.6292134831460674,0.5085252975154847,0.7049424005945745,0.7359154929577465,0.3945720250521921,0.6,0.09446043978695529,0.6904880740989587,0.12156300730519479,0.0,0.3333333333333333
0.3876463935203765,0.550561797752809,0.1963080242188044,0.5046451133407656,0.29401408450704225,0.3645093945720251,0.32727272727272727,0.32626952410716065,0.43234630704995924,0.4503475040584416,0.0,0.3333333333333333
0.34988507424568577,0.5393258426966292,0.18178022130976407,0.4923820141211446,0.2746478873239437,0.28726513569937373,0.4,0.3473279651042947,0.29873142326950464,0.361619825487013,0.0,0.3333333333333333
0.8658105002006641,0.8314606741573034,0.8548959565731783,0.8773690078037905,0.9841549295774648,0.6981210855949896,0.7454545454545454,0.06892699696125432,0.7717905648605845,0.20717075892857142,0.0,1.0
0.329161954102667,0.49438202247191004,0.18480757185607904,0.4652545522110739,0.30457746478873243,0.2237995824634656,0.30000000000000004,0.27532232646900406,0.5021996128681353,0.22247869318181815,0.0,0.3333333333333333
0.04575139552701667,0.033707865168539325,0.008107731922889555,0.04793756967670011,0.05633802816901409,0.05093945720250522,0.06363636363636363,0.2237035460898591,0.3287501399753644,0.2767730316558441,0.0,0.6666666666666666
0.11872012842496989,0.20224719101123595,0.04328763309903264,0.11185432924563361,0.125,0.1315240083507307,0.20000000000000004,0.16189798591671045,0.2520740349698454,0.3443207183441558,0.0,0.6666666666666666
0.5780947863840344,0.6067415730337078,0.4973902150462801,0.5596432552954292,0.7429577464788732,0.41252609603340296,0.5636363636363636,0.034190875783790264,0.7516101166194751,0.13099888392857142,0.0,1.0
0.574081506074647,0.696629213483146,0.406221727329668,0.7339279078409513,0.5264084507042254,0.45219206680584556,0.5909090909090909,0.22760670518847537,0.4495448801011023,0.28125,0.0,0.3333333333333333
0.9139698639133131,0.8539325842696628,0.7975850789894913,0.9498327759197324,0.8926056338028169,0.858455114822547,0.7363636363636363,0.12203522817189855,0.6917086592759675,0.3345550933441558,0.0,0.0
0.1729358969681492,0.3146067415730337,0.10515693506855035,0.15384615384615385,0.24295774647887325,0.1302713987473904,0.20000000000000004,0.050514990923658964,0.5859704691974214,0.13651582792207792,1.0,0.6666666666666666
0.597395016235543,0.6741573033707864,0.36676177882942446,0.7302118171683389,0.48591549295774655,0.5624217118997913,0.4636363636363636,0.2598160794196461,0.5499032170338022,0.42443689123376627,1.0,1.0
0.558539165967383,0.7415730337078652,0.43969656900271414,0.5942028985507246,0.5404929577464789,0.5248434237995825,0.4636363636363636,0.14278115046778062,0.6310681320087667,0.3357599431818181,0.0,1.0
0.15184793316064066,0.1797752808988764,0.053344004454032985,0.20698625046451136,0.1778169014084507,0.08475991649269313,0.12727272727272726,0.20151471830096213,0.6182911807521877,0.11887428977272727,0.0,0.6666666666666666
0.11350286402276626,0.29213483146067415,0.05609297793861786,0.14381270903010035,0.12147887323943664,0.09018789144050107,0.12727272727272726,0.226941771781556,0.40588056502055647,0.22913707386363638,0.0,0.3333333333333333
0.9117808019263746,0.8202247191011236,0.825875147887814,0.7971014492753623,0.9612676056338028,0.9273486430062631,0.8272727272727273,0.05079426295456507,0.6601478139847388,0.33643212256493504,0.0,0.3333333333333333
0.8394323032580538,0.8202247191011236,0.7695559885865404,0.8985507246376813,0.8926056338028169,0.6935281837160752,0.8181818181818182,0.10497968628441856,0.606926780886564,0.24143922483766236,0.0,0.6666666666666666
0.8820460432704585,0.9101123595505618,0.8031352216577353,0.8219992567818655,0.8468309859154929,0.9323590814196243,0.9,0.09529825587967361,0.4980083505303068,0.40422077922077926,0.0,1.0
0.6412857090736619,0.6629213483146068,0.5475154847240588,0.6313638052768488,0.7588028169014084,0.5102296450939457,0.5909090909090909,0.05679861161904631,0.7307193933867641,0.18928825081168835,0.0,0.3333333333333333
0.4115071691780073,0.5168539325842696,0.24545897418052753,0.4808621330360461,0.4014084507042254,0.34864300626304806,0.3545454545454546,0.17854791842596962,0.589320279630785,0.28466162743506496,0.0,0.6666666666666666
0.8839797146922543,0.898876404494382,0.8396548124434546,0.9739873652917131,0.897887323943662,0.7448851774530272,0.890909090909091,0.12806617417265653,0.5478539776999248,0.26795860389610393,0.0,0.6666666666666666
0.06195045423036229,0.011235955056179775,0.009969378523209688,0.056484578223708656,0.09330985915492958,0.05260960334029228,0.03636363636363635,0.12818586218590206,0.6904128873318297,0.17007406655844157,1.0,1.0
0.8933926812360903,0.9213483146067414,0.876052613264667,0.9754738015607581,0.9172535211267605,0.7511482254697287,0.6818181818181818,0.12138359343311766,0.784511525971429,0.262593851461039,1.0,1.0
0.7781385676237733,1.0,0.8983749739021505,0.7963582311408398,0.8714788732394366,0.6350730688935282,0.890909090909091,0.07788364995245722,0.5256562844939291,0.21716467126623376,0.0,1.0
0.3816264730562954,0.37078651685393255,0.15493423341916623,0.505388331475288,0.3257042253521127,0.3152400835073069,0.3545454545454546,0.28042901503414425,0.44922333669274217,0.32902546672077926,0.0,0.6666666666666666
0.05242803458717939,0.0,0.006089498225346232,0.08063916759568936,0.06866197183098592,0.027139874739039664,0.06363636363636363,0.26180423030633476,0.3942362144262611,0.1283989448051948,1.0,1.0
0.34251523222299246,0.38202247191011235,0.16633029438374275,0.39687848383500557,0.3433098591549296,0.2876826722338205,0.4,0.17187863635456901,0.41405192686087255,0.26972148944805197,0.0,1.0
0.06756904666350468,0.02247191011235955,0.012457373512422577,0.04384986993682648,0.10211267605633804,0.07181628392484343,0.054545454545454564,0.08259137847344589,0.6231159315960392,0.2162895698051948,0.0,0.3333333333333333
0.6290999306797037,0.752808988764045,0.5889066740900549,0.7692307692307693,0.7288732394366197,0.37578288100208773,0.6,0.12323210830435333,0.6820799539281087,0.11140422077922077,1.0,0.3333333333333333
0.39742420372870224,0.39325842696629215,0.22035284292574292,0.4916387959866221,0.4559859154929578,0.24425887265135704,0.36363636363636365,0.14139143964731926,0.6715266113164085,0.12628094561688316,1.0,0.3333333333333333
0.06581779707395381,0.0898876404494382,0.0191384229939453,0.042735042735042736,0.08802816901408451,0.08183716075156577,0.009090909090909094,0.11111702163028375,0.901686103245829,0.2924233969155844,0.0,0.6666666666666666
0.8599365172023787,0.9213483146067414,0.8568445960052892,0.8561872909698997,0.8961267605633803,0.7883089770354906,0.7545454545454546,0.08969286725934394,0.674887619778919,0.2932097199675324,0.0,0.6666666666666666
0.06541646904301505,0.0898876404494382,0.013501287493910503,0.0891861761426979,0.05633802816901409,0.06847599164926932,0.03636363636363635,0.3408581630549699,0.4521572203292221,0.3613154423701299,0.0,1.0
0.7984603597358532,0.9101123595505618,0.8221344561208156,0.8896321070234113,0.8679577464788732,0.6091858037578288,0.7272727272727273,0.1109108922741387,0.6773175921037898,0.20364498782467536,0.0,0.0
0.35506585428144044,0.49438202247191004,0.1923237525227921,0.45224823485693055,0.31866197183098594,0.29603340292275576,0.2727272727272727,0.24523408980590589,0.59048327494361,0.3110034496753247,0.0,0.3333333333333333
0.3701338976248677,0.34831460674157305,0.14745284988516943,0.41062801932367154,0.3257042253521127,0.3711899791231733,0.3090909090909091,0.20193362634732126,0.5286429588392444,0.40770850243506496,0.0,1.0
0.20540698310773836,0.15730337078651685,0.05212610480896374,0.23597175771088813,0.19190140845070425,0.1966597077244259,0.20909090909090908,0.2138359343311767,0.4205211882708644,0.34491680194805197,0.0,0.3333333333333333
0.22598416578496117,0.21348314606741575,0.07077736794488135,0.32441471571906355,0.21478873239436624,0.14989561586638833,0.20909090909090908,0.2794515629259729,0.48335013037705377,0.2079697646103896,1.0,0.6666666666666666
0.5815608011966873,0.6853932584269662,0.4733801934720579,0.6625789669267931,0.630281690140845,0.4375782881002088,0.509090909090909,0.1252003111888344,0.6877525555502233,0.20076603084415587,0.0,1.0
0.3871356123900908,0.41573033707865165,0.22223188809242117,0.5046451133407656,0.43838028169014087,0.2200417536534447,0.38181818181818183,0.16301507404033483,0.605399049767241,0.1107320413961039,0.0,1.0
0.33445218723776865,0.46067415730337075,0.15557798037441717,0.4451876625789669,0.26760563380281693,0.2943632567849687,0.34545454545454546,0.31382862006370055,0.35403369007054764,0.38510805600649345,1.0,0.6666666666666666
0.9577875880185341,0.9101123595505618,0.8997146635117266,0.8743961352657005,0.954225352112676,0.9933194154488519,0.9727272727272726,0.07689954851021669,0.5301514933371727,0.3749619521103895,0.0,1.0
0.3544456200518078,0.5056179775280898,0.17302874243162364,0.5395763656633222,0.2764084507042254,0.25427974947807935,0.40909090909090906,0.3891722244017261,0.29165266913023313,0.30547382305194803,0.0,1.0
0.3971688131635594,0.44943820224719105,0.16894007933746258,0.5533259011519881,0.30105633802816906,0.33903966597077245,0.2727272727272727,0.3583525609910167,0.5505894962486603,0.3996930803571429,0.0,0.0
0.7960159071837718,0.8089887640449438,0.73025262718352,0.8034188034188035,0.8556338028169014,0.6951983298538622,0.9636363636363635,0.08570991615189738,0.4597206891587081,0.25929636769480524,0.0,0.3333333333333333
0.41322193440110916,0.39325842696629215,0.20312826223119212,0.5343738387216648,0.41725352112676056,0.2876826722338205,0.44545454545454544,0.20051066885651397,0.47145142454927946,0.2001572646103896,0.0,0.0
0.07282279543215732,0.02247191011235955,0.007864151993875705,0.10516536603493125,0.06338028169014084,0.0676409185803758,0.018181818181818174,0.3493759599976061,0.6213098494664939,0.32556310876623373,0.0,0.6666666666666666
0.1410485606917436,0.29213483146067415,0.06987264249425847,0.11780007432181346,0.1602112676056338,0.1549060542797495,0.24545454545454545,0.10617656641687334,0.27047719601350173,0.3175350040584415,0.0,1.0
0.23174869568389944,0.20224719101123595,0.0554666295497251,0.32887402452619846,0.16901408450704225,0.20751565762004176,0.1090909090909091,0.3902826631912814,0.6607925005199086,0.42400568181818177,0.0,0.3333333333333333
0.8167025429603415,0.898876404494382,0.764493005776324,0.8216276477146043,0.8133802816901409,0.7791231732776619,0.8181818181818182,0.1077458092572029,0.5350098382684648,0.33210734577922074,1.0,0.3333333333333333
0.19796417235214714,0.32584269662921345,0.09925882107314357,0.24228911185432922,0.2200704225352113,0.14154488517745303,0.12727272727272726,0.1754360300815873,0.7776007422693607,0.18435470779220783,1.0,1.0
0.8431901930022985,0.797752808988764,0.7635534831929849,0.947603121516165,0.9084507042253521,0.64258872651357,0.7090909090909091,0.11549228344781265,0.7401609316760251,0.2063083400974026,0.0,0.0
0.36750702324054146,0.42696629213483145,0.22625095692114972,0.34782608695652173,0.4366197183098592,0.31273486430062636,0.34545454545454546,0.06385355506646007,0.673313496824559,0.21267502029220778,0.0,0.6666666666666666
0.9212302528366595,0.9213483146067414,0.9400793374625931,0.9851356373095504,0.9876760563380282,0.7519832985386222,0.9818181818181818,0.10048473645364414,0.5492713282462287,0.2335125811688312,0.0,1.0
0.15801379109051772,0.20224719101123595,0.05838958869789129,0.12411742846525457,0.17957746478873238,0.17828810020876829,0.2545454545454545,0.08677380960296827,0.3029690774423701,0.33026836444805197,1.0,1.0
0.18749315918129084,0.23595505617977525,0.06581877653281369,0.26198439241917504,0.18133802816901406,0.1315240083507307,0.09090909090909091,0.26849346037994287,0.8072563228871721,0.22050020292207792,0.0,0.3333333333333333
0.9480827465431062,0.9213483146067414,0.8952606305240448,0.990709773318469,0.9383802816901409,0.8722338204592902,0.9636363636363635,0.11871721047137129,0.5244820911519573,0.3185242491883117,0.0,0.3333333333333333
0.16290269619468056,0.2696629213483146,0.0656621894355905,0.12969156447417318,0.1602112676056338,0.20626304801670148,0.20000000000000004,0.12361776968036647,0.3517444929692374,0.44540127840909094,1.0,0.6666666666666666
0.03166843007771171,0.07865168539325842,0.009760595726912104,0.04942400594574507,0.040492957746478875,0.025052192066805846,0.03636363636363635,0.3044464096920693,0.3500487914127115,0.2063083400974026,0.0,0.3333333333333333
0.16633222664088437,0.1797752808988764,0.03570185816688705,0.2898550724637681,0.1091549295774648,0.1164926931106472,0.26363636363636367,0.5424127773603473,0.12513957543472348,0.345411424512987,1.0,0.0
0.021671713670692094,0.02247191011235955,0.004523627253114344,0.03158677071720552,0.03521126760563381,0.018371607515657626,0.04545454545454544,0.27336742225266136,0.278443793892275,0.18889508928571427,0.0,1.0
0.5929439235287679,0.5842696629213482,0.4913703110863665,0.6265328874024526,0.7588028169014084,0.37661795407098125,0.4818181818181818,0.054923499411533905,0.917467325750668,0.10144835633116886,1.0,0.0
0.6643073443029661,0.7415730337078652,0.5904377479295706,0.6711259754738016,0.7411971830985915,0.5561586638830898,0.4636363636363636,0.07890764739911299,0.9295420006078932,0.22819855925324675,0.0,0.3333333333333333
0.2294501805976139,0.24719101123595505,0.08984619667339411,0.2768487551096247,0.25,0.16951983298538625,0.2727272727272727,0.17122035228171895,0.4348994576954457,0.19824218749999997,0.0,0.0
0.5358458900361196,0.752808988764045,0.42010578328345743,0.664065403195838,0.5070422535211268,0.42755741127348645,0.509090909090909,0.2042409452693313,0.5183423717425734,0.27350091314935066,0.0,1.0
0.05020248823379182,0.011235955056179775,0.001548472405873756,0.08472686733556299,0.015845070422535218,0.06931106471816284,0.06363636363636363,0.6498394185822289,0.11358320935515348,0.6755656452922078,0.0,0.3333333333333333
0.1728264438688022,0.2247191011235955,0.05776324030899854,0.16833890746934227,0.1619718309859155,0.1966597077244259,0.20909090909090908,0.17695207824936332,0.33835964870182844,0.41664975649350655,1.0,0.3333333333333333
0.6419059433032945,0.6404494382022472,0.5279768947038764,0.7105165366034931,0.7535211267605634,0.4430062630480167,0.509090909090909,0.08953328324168336,0.8571643390763226,0.14718191964285712,0.0,0.3333333333333333
0.3980809223247838,0.40449438202247184,0.19977033892407264,0.5165366034931252,0.3996478873239437,0.2784968684759917,0.3727272727272727,0.20487263200590455,0.5532898209915056,0.2038479099025974,0.0,1.0
0.5495640118209347,0.7752808988764044,0.48889971466351173,0.6109253065774805,0.5809859154929577,0.4434237995824635,0.5727272727272728,0.12724165674807664,0.536558365727632,0.23476816152597405,0.0,1.0
0.926775876536904,0.898876404494382,0.9022896513327302,0.8625046451133408,0.9683098591549295,0.9018789144050104,0.6545454545454544,0.06899349030194624,0.878866119562957,0.3196022727272727,0.0,1.0
0.14046481082855994,0.20224719101123595,0.054979469691697404,0.1441843180973616,0.16725352112676056,0.12150313152400838,0.15454545454545457,0.13293348671130584,0.4866135560141416,0.22140066964285718,0.0,0.3333333333333333
0.6876573388303112,0.5730337078651686,0.49502401002157415,0.738015607580825,0.778169014084507,0.5235908141962422,0.5272727272727272,0.09044424200916279,0.8574970805138296,0.1894150771103896,0.0,1.0
0.19245503301835165,0.12359550561797752,0.044505532744101885,0.19881085098476403,0.19014084507042256,0.19624217118997914,0.12727272727272726,0.16919895472468433,0.6647566028379006,0.34773234577922074,0.0,1.0
0.19953300010945313,0.23595505617977525,0.06851555431832416,0.31215161649944256,0.19014084507042256,0.11022964509394573,0.20000000000000004,0.31509864287091643,0.4364655820575579,0.15977577110389615,0.0,0.3333333333333333
0.05180780035754677,0.0,0.0026097849537198136,0.09996283909327387,0.03345070422535211,0.042171189979123176,0.04545454545454544,0.5281566051159976,0.26784885860088625,0.34074421672077915,0.0,0.3333333333333333
0.07625232587836113,0.0,0.00591551256176491,0.10442214790040878,0.06690140845070423,0.07473903966597079,0.027272727272727282,0.33062483792248193,0.579123674233335,0.3423295454545454,0.0,0.3333333333333333
0.8150972308365865,0.898876404494382,0.8302595866100633,0.9301374953548868,0.8873239436619718,0.5995824634655533,0.890909090909091,0.11742723966194785,0.5389755403049064,0.19042968749999997,0.0,0.6666666666666666
0.19756284432120835,0.24719101123595505,0.07815436008072935,0.3024897807506503,0.2130281690140845,0.0910229645093946,0.24545454545454545,0.2570034111083775,0.39983362928124655,0.09283685064935068,0.0,0.6666666666666666
0.41077748184902774,0.3595505617977528,0.1804231331338298,0.5336306205871423,0.3961267605633803,0.30229645093945723,0.4,0.22023259370574033,0.5027611140439284,0.23504717938311684,0.0,0.0
0.9138239264475172,0.943820224719101,0.9524671167095831,0.7807506503158678,0.9788732394366197,0.931106471816284,0.7545454545454546,0.04100644320471303,0.7556478059861467,0.3296722808441559,0.0,0.0
0.21602393374439055,0.15730337078651685,0.04836801447560721,0.2824228911185433,0.176056338028169,0.1991649269311065,0.1636363636363636,0.30785751806956524,0.48881796803762545,0.38637631899350655,0.0,0.6666666666666666
0.3611587434784195,0.47191011235955055,0.22569420279768948,0.3742103307320699,0.397887323943662,0.30814196242171193,0.4363636363636363,0.10747983589443516,0.45360336580761784,0.24036120129870128,1.0,0.6666666666666666
0.22514502535663466,0.14606741573033705,0.06371355000347971,0.3325901151988109,0.2535211267605634,0.1014613778705637,0.1727272727272727,0.22361710474695956,0.7052678728543776,0.07585480925324675,0.0,0.0
0.04451092706775148,0.056179775280898875,0.010787111142041894,0.018208844295800816,0.05985915492957747,0.07181628392484343,0.07272727272727272,0.12786669415058083,0.31438146886148044,0.360453023538961,0.0,1.0
0.6662775000912109,0.7415730337078652,0.6168835687939314,0.6889632107023411,0.7764084507042254,0.5102296450939457,0.6272727272727273,0.07253093602675692,0.7012861736334406,0.18158989448051946,0.0,1.0
0.02185413550293698,0.011235955056179775,0.008246920453754612,0.0066889632107023506,0.07746478873239436,0.0004175365344467677,0.09090909090909091,0.052509791144416895,0.3376861672345668,0.0,0.0,1.0
0.02801999343281404,0.0449438202247191,0.006750643746955252,0.03567447045707915,0.03873239436619719,0.029227557411273496,0.018181818181818174,0.2681277470061373,0.43621762569787725,0.23741883116883114,0.0,0.0
0.34922835564960414,0.41573033707865165,0.1927935138144617,0.3455964325529543,0.375,0.3235908141962422,0.36363636363636365,0.10454083023585187,0.5246468621522613,0.2816812094155844,0.0,0.6666666666666666
0.7724105220912839,0.898876404494382,0.7801517154986429,0.8528428093645485,0.8309859154929577,0.6058455114822547,0.6545454545454544,0.11210777240659348,0.7268816688262867,0.21740564123376624,0.0,0.3333333333333333
0.15753949432668102,0.28089887640449435,0.05802421880437052,0.15644741731698253,0.13204225352112675,0.19373695198329857,0.20909090909090908,0.2223404326056745,0.2561997088512422,0.503031148538961,0.0,1.0
0.20051807800357552,0.14606741573033705,0.03650219221936112,0.31809736157562246,0.13380281690140844,0.1632567849686848,0.2727272727272727,0.4884201847185004,0.1716033978019869,0.4101816152597403,0.0,0.0
0.7943011419606698,0.9775280898876404,0.9357992901384926,0.7971014492753623,0.9295774647887324,0.622964509394572,0.6727272727272727,0.05987725329308269,0.8101422149701654,0.18747463474025974,0.0,0.0
0.01692874603232515,0.10112359550561797,0.007968543392024498,0.004830917874396143,0.02112676056338028,0.04384133611691023,0.054545454545454564,0.2559062709869606,0.16605397450048792,0.4363712459415584,0.0,1.0
0.8183078550840964,0.8089887640449438,0.73025262718352,0.7818654775176515,0.8556338028169014,0.7791231732776619,0.9999999999999999,0.07824936332626287,0.4360416566684264,0.3086064326298701,0.0,0.3333333333333333
0.06745959356415775,0.033707865168539325,0.011048089637413876,0.0873281308063917,0.07922535211267605,0.053444676409185814,0.08181818181818182,0.2386313010751973,0.3768968661515575,0.20964387175324675,0.0,1.0
0.16436207085263965,0.25842696629213485,0.0721692532535319,0.19175027870680045,0.18661971830985918,0.12609603340292277,0.20000000000000004,0.16582109301753423,0.42649773639839395,0.19982751623376624,0.0,0.6666666666666666
0.6064066547484404,0.6629213483146068,0.4838889275523697,0.7220364176885916,0.6654929577464789,0.4179540709812109,0.4727272727272728,0.13378460147216253,0.7997584425141178,0.16785460633116886,0.0,0.6666666666666666
0.16844831989492504,0.30337078651685395,0.05652794209757116,0.2660720921590487,0.11795774647887323,0.13611691022964512,0.15454545454545457,0.4595221788537877,0.3213290460878886,0.3797179383116883,0.0,0.6666666666666666
0.4000510781130286,0.5168539325842696,0.22694689957547498,0.5105908584169454,0.36795774647887325,0.32108559498956163,0.34545454545454546,0.23314560046811306,0.5436051254979124,0.2861074472402597,0.0,0.0
1.0,0.8426966292134832,0.8784536154220892,0.9565217391304347,1.0,0.9916492693110647,0.9272727272727271,0.08805713107832253,0.6021084289165107,0.3502815543831169,0.0,1.0
0.3227771899740961,0.5168539325842696,0.1918713897974807,0.37941285767372723,0.30457746478873243,0.28601252609603345,0.2727272727272727,0.20003191680353205,0.5585672921565805,0.31509993912337664,0.0,0.0
0.8419862089094823,0.9887640449438202,0.9148166191105852,1.0000000000000002,0.897887323943662,0.6004175365344468,0.6727272727272727,0.1366637631241231,0.775903440994385,0.1868531858766234,0.0,1.0
0.32007734685687184,0.5168539325842696,0.21135778411858863,0.3749535488665923,0.33978873239436624,0.24759916492693113,0.31818181818181823,0.15796822948181732,0.5397274079761963,0.21933340097402595,0.0,0.3333333333333333
0.6209639169615819,0.6067415730337078,0.5152063469970074,0.6075808249721293,0.7711267605633803,0.46221294363256793,0.5727272727272728,0.04342680080589928,0.7729055686199231,0.15276227678571427,0.0,0.0
0.5560947134153016,0.6629213483146068,0.38904934233419164,0.5908584169453734,0.5264084507042254,0.5348643006263049,0.5272727272727272,0.15002892460320094,0.5215802018844684,0.35734577922077926,0.0,0.0
0.026888978072895767,0.0898876404494382,0.005671932632751061,0.027127461910070608,0.012323943661971828,0.06012526096033404,0.04545454545454544,0.42498553769839936,0.140719233414919,0.6468648538961039,0.0,1.0
0.06818928089313729,0.033707865168539325,0.013988447351938202,0.0947603121516165,0.10211267605633804,0.025887265135699382,0.027272727272727282,0.18494457780053325,0.8233558893634723,0.05953226461038963,0.0,0.6666666666666666
0.0578642051880769,0.02247191011235955,0.008281717586470875,0.08398364920104053,0.06690140845070423,0.041336116910229655,0.009090909090909094,0.2776229960569448,0.7287437411015663,0.1952744521103896,0.0,0.3333333333333333
0.8410376153818089,0.797752808988764,0.697317141067576,0.9554069119286511,0.8257042253521126,0.7110647181628393,0.7818181818181817,0.1508733900299885,0.5793908272144104,0.28367238230519476,1.0,1.0
0.8337772264584625,0.8426966292134832,0.8266928805066462,0.9464882943143812,0.9383802816901409,0.5870563674321504,0.6727272727272727,0.10468711558537414,0.8196525411527573,0.16493760146103895,0.0,0.3333333333333333
0.3680907731037251,0.43820224719101125,0.19272391954902918,0.4578223708658491,0.3573943661971831,0.2897703549060543,0.32727272727272727,0.20470639865417473,0.5572699204939932,0.2572544642857143,0.0,0.0
0.3278120325440549,0.5280898876404494,0.18251096109680565,0.3619472315124489,0.28169014084507044,0.3394572025052192,0.3363636363636364,0.21301806624066594,0.3940570459599111,0.43340351055194815,0.0,0.0
0.5981976722974205,0.7191011235955056,0.5348319298489804,0.6373095503530286,0.6866197183098591,0.4530271398747391,0.6090909090909091,0.08737224966919566,0.6201772488042105,0.1834161931818182,0.0,0.0
0.3701338976248677,0.5056179775280898,0.20939174612011968,0.4035674470457079,0.3433098591549296,0.3603340292275574,0.4181818181818181,0.17717815560771588,0.39033450112780155,0.36736505681818177,0.0,0.6666666666666666
0.39144076763107005,0.5168539325842696,0.2707912867979678,0.3931623931623932,0.4471830985915493,0.3281837160751566,0.2909090909090909,0.08610222686197971,0.8278798931388076,0.22099482548701302,0.0,1.0
0.5933087671932578,0.7303370786516854,0.5225659405664973,0.6614641397250093,0.6602112676056338,0.44258872651356995,0.5727272727272728,0.10978715481644513,0.6350370334821072,0.18881899350649348,0.0,0.6666666666666666
0.8208982451019738,0.9887640449438202,0.8738951910362586,0.9773318468970643,0.8556338028169014,0.6033402922755742,0.8363636363636363,0.1458996881462321,0.5572123306298092,0.2053317775974026,1.0,0.3333333333333333
0.04965522273705718,0.011235955056179775,0.009012457373512422,0.0144927536231884,0.08450704225352114,0.06555323590814197,0.04545454545454544,0.05582115951087496,0.5750795859928653,0.24162946428571433,0.0,0.6666666666666666
0.6265825093947244,0.651685393258427,0.5548750782935485,0.6714975845410628,0.7816901408450704,0.40793319415448853,0.49090909090909096,0.06403308708632832,0.9316792244564958,0.11392806412337661,0.0,0.0
0.05494545587215878,0.0,0.005219569907439627,0.10033444816053512,0.05985915492957747,0.024634655532359086,0.009090909090909094,0.3539440525031418,0.6710962870534787,0.13996550324675325,0.0,0.6666666666666666
0.048122879346200145,0.07865168539325842,0.007098615074117893,0.08509847640282424,0.02464788732394367,0.054279749478079335,0.009090909090909094,0.553424074578931,0.3828574170945914,0.47969510957792205,0.0,0.3333333333333333
0.5456966689773433,0.6292134831460674,0.38336001113508245,0.6261612783351914,0.5440140845070423,0.4546972860125261,0.6272727272727273,0.1573963867518668,0.4343283582089553,0.2700892857142857,0.0,1.0
0.1760370681163122,0.29213483146067415,0.07112533927204398,0.23634336677814938,0.1637323943661972,0.14029227557411275,0.20909090909090908,0.27179153007826257,0.3431923981379278,0.27381797889610393,0.0,1.0
0.05403334671093436,0.033707865168539325,0.011048089637413876,0.04942400594574507,0.07922535211267605,0.05052192066805846,0.0,0.14939058853255843,0.9366447505239079,0.19796316964285718,1.0,0.6666666666666666
0.8426794118720129,0.8089887640449438,0.8158535736655299,0.9293942772203642,0.9612676056338028,0.6058455114822547,0.9636363636363635,0.09182065416148572,0.5423941386316009,0.16718242694805194,0.0,0.6666666666666666
0.0563318617972199,0.07865168539325842,0.013605678892059294,0.07543664065403195,0.06338028169014084,0.04843423799582464,0.009090909090909094,0.2699829112114421,0.6999200140775225,0.23848417207792202,0.0,0.3333333333333333
0.38436280053996863,0.34831460674157305,0.14816619110585288,0.4975845410628019,0.3274647887323944,0.3286012526096034,0.4545454545454545,0.2716385953946711,0.32367583305338266,0.345411424512987,0.0,0.6666666666666666
0.5795906454084425,0.5730337078651686,0.44938757046419375,0.6016350798959494,0.7024647887323944,0.41753653444676414,0.5909090909090909,0.06585500462128713,0.6625553902513159,0.15085988230519484,0.0,1.0
0.025940384545222378,0.0449438202247191,0.006994223675969101,0.0568561872909699,0.040492957746478875,0.001670146137787057,0.03636363636363635,0.32906889375029086,0.3500487914127115,0.07478946834415587,0.0,1.0
0.3477324966251961,0.5393258426966292,0.1827893381585357,0.3957636566332219,0.2764084507042254,0.369937369519833,0.30000000000000004,0.2522956825873888,0.44281326486538386,0.4923396915584416,1.0,0.3333333333333333
0.8630376883505418,0.8651685393258426,0.8720161458695803,0.8762541806020067,0.9683098591549295,0.7068893528183716,0.6818181818181818,0.07322911610402216,0.8390251315768427,0.21765929383116886,0.0,1.0
0.929621657119924,1.0,0.9948326257916347,0.8506131549609811,0.9700704225352113,0.9194154488517746,0.6727272727272727,0.06482435784056229,0.8538913151285374,0.32790939529220786,1.0,1.0
0.14086613885949867,0.2696629213483146,0.07157770199735541,0.16239316239316237,0.1778169014084507,0.09519832985386223,0.2545454545454545,0.1410656222779288,0.29876981651229395,0.14289519074675325,1.0,1.0
0.572403225217994,0.7752808988764044,0.546628157839794,0.6361947231512449,0.6549295774647887,0.41169102296450943,0.6181818181818182,0.10110312452207909,0.572150501511734,0.16823508522727273,1.0,0.3333333333333333
0.9452004815936371,0.8876404494382022,0.8287111142041895,0.9267930137495356,0.8961267605633803,0.9657620041753655,0.6727272727272727,0.11309187384883407,0.7740013757578668,0.3930220170454546,0.0,0.3333333333333333
0.9105403334671094,0.9887640449438202,0.8568445960052892,0.8625046451133408,0.8380281690140845,0.9845511482254697,0.9272727272727271,0.11281260181792796,0.4708211354801556,0.44120332792207795,0.0,1.0
0.019665073515998402,0.0898876404494382,0.0041060616605191735,0.06205871423262728,0.0035211267605633825,0.015448851774530273,0.09090909090909091,0.7138126616619345,0.003416998608244959,0.36003449675324684,1.0,0.0
0.32649859535189174,0.43820224719101125,0.1662954972510265,0.4496469713861019,0.30281690140845074,0.23256784968684763,0.3363636363636364,0.2640650038898604,0.4348146726176194,0.2375456574675325,0.0,1.0
0.8228319165237695,0.898876404494382,0.8302595866100633,0.8807134894091416,0.8873239436619718,0.6680584551148226,0.8545454545454546,0.10089699516593409,0.5693397961958696,0.229301948051948,0.0,1.0
0.3246014082965449,0.41573033707865165,0.1723501983436565,0.34150873281308064,0.33098591549295775,0.3006263048016702,0.2727272727272727,0.1395229767738761,0.6184079601990051,0.301859273538961,0.0,0.3333333333333333
0.6243204786748878,0.696629213483146,0.47512005010787106,0.6997398736529171,0.6232394366197183,0.5319415448851775,0.5454545454545454,0.14617231084306903,0.6250435923277504,0.27910663555194803,0.0,1.0
0.3940676420153964,0.46067415730337075,0.2522966107592734,0.380527684875511,0.4595070422535212,0.3352818371607516,0.28181818181818175,0.07075556383028236,0.8813824766841036,0.21890219155844157,1.0,1.0
0.5714911160567697,0.6179775280898876,0.47358897626835544,0.5800817539947974,0.6936619718309859,0.42338204592901885,0.6090909090909091,0.06027621333723426,0.6284765881204909,0.15886262175324675,0.0,1.0
0.006640154693713735,0.011235955056179775,0.001548472405873756,0.024526198439241934,0.015845070422535218,0.0012526096033402961,0.07272727272727272,0.38054138877991356,0.09342675689078722,0.15874847808441558,0.0,0.0
0.040461162391915065,0.0898876404494382,0.009116848771661214,0.10107766629505761,0.03169014084507042,0.010438413361169109,0.09090909090909091,0.5477255952816324,0.13075778662955323,0.1545378449675325,0.0,0.0
0.3905651428362946,0.39325842696629215,0.20704293966177184,0.5027870680044593,0.42605633802816906,0.24384133611691028,0.36363636363636365,0.17190523369084582,0.6172449648861802,0.14451856737012989,0.0,0.0
0.16739027326790468,0.30337078651685395,0.08356531421810842,0.14678558156819027,0.19190140845070425,0.17160751565762006,0.1818181818181818,0.09984640038300163,0.4874758042584506,0.2905590503246753,0.0,0.3333333333333333
0.5455142471450983,0.6179775280898876,0.40234184703180453,0.6447417316982534,0.5827464788732394,0.398329853862213,0.6,0.14296733182171806,0.5076034617907249,0.19579443993506493,0.0,1.0
0.8692035462804187,0.8876404494382022,0.8720683415686548,0.9695280564845782,0.9454225352112676,0.6597077244258873,0.890909090909091,0.10958102546030013,0.5878101454144071,0.20140016233766236,0.0,0.6666666666666666
0.6582509394724361,0.7752808988764044,0.6442167165425569,0.6714975845410628,0.7799295774647887,0.5002087682672234,0.49090909090909096,0.0646581244888324,0.9291836636751933,0.1736632508116883,0.0,0.0
0.13532051515925425,0.1348314606741573,0.052265293339828794,0.11705685618729099,0.21478873239436624,0.08517745302713989,0.1818181818181818,0.03695034942250536,0.5565660443761898,0.0794820413961039,0.0,0.0
0.9715421941697983,0.8089887640449438,0.7830398775140928,0.9695280564845782,0.9207746478873239,0.9766179540709813,0.8363636363636363,0.11819191307990501,0.615184527523156,0.3846387987012988,0.0,0.6666666666666666
0.04535006749607792,0.07865168539325842,0.010056371355000347,0.03753251579338536,0.04225352112676056,0.07348643006263048,0.03636363636363635,0.2560193096661369,0.36139399465694044,0.46687297077922074,0.0,0.0
0.046152723557955425,0.056179775280898875,0.0019138422993945307,0.09624674842066148,0.0,0.06263048016701461,0.027272727272727282,0.9721193422478738,0.11508374526083409,0.8568004261363635,0.0,0.3333333333333333
0.6177168083476231,0.7191011235955056,0.48719465516041477,0.6885916016350799,0.6214788732394366,0.5252609603340292,0.509090909090909,0.1419632823772699,0.6756522851978053,0.27501014610389607,0.0,1.0
0.600642124849502,0.5842696629213482,0.44282831094717795,0.5871423262727611,0.6795774647887324,0.5139874739039666,0.5727272727272728,0.06890039962497757,0.6591079969925293,0.23124239042207792,0.0,0.3333333333333333
0.1923455799190047,0.19101123595505615,0.0373025262718352,0.3054626532887402,0.1091549295774648,0.17620041753653445,0.24545454545454545,0.5724411700168228,0.14543040424885223,0.5404195413961039,0.0,0.6666666666666666
0.9067094749899668,0.898876404494382,0.8396548124434546,0.9123002601263471,0.897887323943662,0.8676409185803758,0.8272727272727273,0.10765936791430336,0.6031850394330599,0.3368886972402598,0.0,0.6666666666666666
0.896931664781641,0.898876404494382,0.8036397800821212,0.927536231884058,0.8573943661971831,0.865553235908142,0.9636363636363635,0.12796643416161874,0.4610996464622227,0.35834770698051954,1.0,0.0
0.19515487613557592,0.15730337078651685,0.05003827684598789,0.3058342623560015,0.1830985915492958,0.11064718162839249,0.13636363636363638,0.3229116104022181,0.602769112636176,0.17060673701298704,1.0,0.6666666666666666
0.8162282461965047,0.9325842696629212,0.8694585566149349,0.7989594946116685,0.8996478873239436,0.7135699373695199,0.7636363636363637,0.06961852770445037,0.6684455535825695,0.2495941558441558,0.0,1.0
0.6502243788536612,0.7640449438202246,0.5396339341638249,0.7357859531772576,0.6549295774647887,0.5407098121085595,0.5363636363636364,0.14532119608221233,0.6793972260882086,0.2654728084415584,1.0,0.6666666666666666
0.1492575431427633,0.1348314606741573,0.04690653490152411,0.13303604607952435,0.19014084507042256,0.13444676409185805,0.1,0.08452633468758103,0.7949960806897987,0.212700385551948,0.0,0.6666666666666666
0.6731730453500675,0.651685393258427,0.5418609506576658,0.7640282422891119,0.7623239436619718,0.47348643006263047,0.5272727272727272,0.10671516247647794,0.8363568012029883,0.163669338474026,0.0,0.6666666666666666
0.33602101499507464,0.3595505617977528,0.15411650080033407,0.4489037532515794,0.33274647887323944,0.23089770354906058,0.38181818181818183,0.22518634758728912,0.4211690742429334,0.2034293831168831,0.0,1.0
0.44339450545441284,0.47191011235955055,0.2419792609089011,0.5496098104793757,0.42957746478873243,0.3473903966597078,0.2909090909090909,0.1994401260713739,0.7898817808065781,0.2565822849025974,0.0,0.3333333333333333
0.03637491334962968,0.0449438202247191,0.01016076275314914,0.024897807506503153,0.06338028169014084,0.03883089770354906,0.027272727272727282,0.13501472827496325,0.5547007726640113,0.19494470373376624,0.0,0.3333333333333333
0.42770622788135293,0.5393258426966292,0.2372816479922054,0.5444072835377183,0.3714788732394366,0.36492693110647184,0.3909090909090909,0.2543170801444235,0.47478523779814763,0.3373325892857143,0.0,0.6666666666666666
0.597540953701339,0.651685393258427,0.3892407265641311,0.7774061687105166,0.5352112676056338,0.4697286012526096,0.509090909090909,0.2439840150008976,0.5570651565324504,0.2903561282467533,1.0,1.0
0.040461162391915065,0.0898876404494382,0.00849050038276846,0.08695652173913045,0.028169014084507046,0.027139874739039664,0.009090909090909094,0.5271126596671343,0.4116811441186352,0.276468648538961,0.0,0.3333333333333333
0.35349702652413445,0.41573033707865165,0.16989700048715983,0.5157933853586028,0.3257042253521127,0.22505219206680588,0.40909090909090906,0.28905320132188755,0.3729455615811619,0.20219916801948054,0.0,0.0
0.024845853551753075,0.02247191011235955,0.005567541234602269,0.009661835748792272,0.04401408450704225,0.03924843423799582,0.07272727272727272,0.15826080018086186,0.23483706867591309,0.26972148944805197,0.0,0.3333333333333333
0.5513882301433836,0.6067415730337078,0.35597466768738256,0.7309550353028614,0.5193661971830985,0.3970772442588727,0.5545454545454545,0.2316029549640603,0.479971525011598,0.23549107142857142,1.0,1.0
0.051844284723995784,0.033707865168539325,0.010369545549446725,0.05908584169453736,0.07394366197183098,0.04050104384133612,0.027272727272727282,0.18871475021776568,0.6279694773719826,0.17155793425324675,0.0,0.3333333333333333
0.8726695610930716,0.8202247191011236,0.7623355835479156,0.8376068376068376,0.8838028169014084,0.8542797494780794,0.8818181818181817,0.08767146970230927,0.5433667674489291,0.3369394277597403,0.0,1.0
0.14878324637892665,0.23595505617977525,0.08038137657457026,0.12857673727238944,0.22887323943661975,0.0989561586638831,0.20000000000000004,0.036425052031039074,0.5461022859976645,0.09287489853896105,0.0,0.3333333333333333
0.1886241745412091,0.29213483146067415,0.06924629410536572,0.23708658491267187,0.15845070422535212,0.18079331941544888,0.2545454545454545,0.28536282091348547,0.25258434515525274,0.3865919237012987,0.0,0.6666666666666666
0.045459520595424865,0.0898876404494382,0.012561764910571368,0.02192493496841323,0.051056338028169015,0.07974947807933194,0.018181818181818174,0.16887313735529386,0.5287629377229609,0.4451603084415585,0.0,0.3333333333333333
0.6481082855996205,0.6629213483146068,0.5679240030621476,0.7573392790784095,0.7887323943661971,0.3820459290187892,0.5727272727272728,0.09363592236237539,0.7947897170098064,0.0951070413961039,0.0,0.6666666666666666
0.9096647086723338,0.8314606741573034,0.7175168766093674,0.9728725380899294,0.8186619718309859,0.8977035490605428,0.7181818181818183,0.16025560040161974,0.6374686055254276,0.401658887987013,0.0,0.3333333333333333
0.04425553650260862,0.0,0.0038276845987890596,0.09104422147900411,0.04577464788732395,0.01670146137787057,0.0,0.40690599836426383,0.63570731551247,0.14177911931818185,1.0,1.0
0.360356087416542,0.47191011235955055,0.20217134108149487,0.3537718320327016,0.35211267605633806,0.3703549060542798,0.42727272727272725,0.12976840369436998,0.3931052134824272,0.3688235592532467,0.0,0.3333333333333333
0.22572877521981832,0.12359550561797752,0.03829424455424873,0.3292456335934597,0.1602112676056338,0.19874739039665973,0.1,0.4162948580699642,0.6661099646462223,0.42669439935064934,0.0,0.0
0.8681454996533985,0.8314606741573034,0.8402811608323474,0.8312894834633965,0.9665492957746478,0.7653444676409187,0.6909090909090909,0.059883902627151875,0.8245044872102512,0.24894734172077918,0.0,0.3333333333333333
0.8337042577255647,0.8202247191011236,0.7941053657178648,0.9193608324043107,0.9225352112676056,0.6279749478079333,0.8454545454545456,0.10138904588705439,0.6083313336852715,0.19282670454545456,0.0,0.3333333333333333
0.03331022656791566,0.0898876404494382,0.005671932632751061,0.024897807506503153,0.012323943661971828,0.08058455114822546,0.03636363636363635,0.4144862392031437,0.1685191406312489,0.8104073660714286,0.0,0.0
0.5736436936772593,0.752808988764045,0.4080485767972719,0.73950204384987,0.49119718309859156,0.4805845511482255,0.5909090909090909,0.26042116881994265,0.40694117835261,0.3384486607142857,0.0,1.0
0.04863366047648583,0.033707865168539325,0.008560094648200988,0.10516536603493125,0.05985915492957747,0.0020876826722338246,0.06363636363636363,0.3672427206415277,0.34746044696133493,0.034610896915584444,0.0,1.0
0.42599146265825094,0.5168539325842696,0.2474076136126383,0.5287997027127462,0.40492957746478875,0.3415448851774531,0.42727272727272725,0.2082704417152622,0.4771544208219354,0.2728794642857143,0.0,0.6666666666666666
0.8388120690284213,0.8314606741573034,0.7292087132020322,0.8431809736157563,0.8327464788732394,0.8029227557411274,0.8545454545454546,0.1079984839518322,0.5217017804866344,0.3354048295454546,0.0,0.6666666666666666
0.7746725528111205,0.9887640449438202,0.9165216786136822,0.7885544407283538,0.8996478873239436,0.6045929018789145,0.7727272727272727,0.0661808219906776,0.6587752555550225,0.18852729301948049,0.0,0.3333333333333333
0.3729431938414389,0.5280898876404494,0.2192045375461062,0.5202526941657376,0.346830985915493,0.25553235908141964,0.3727272727272727,0.26516879334534643,0.45937355025515514,0.22299868100649353,0.0,0.0
0.9654493049728191,0.8202247191011236,0.7796645556406152,0.9788182831661093,0.9049295774647887,0.9661795407098123,0.7454545454545454,0.12701557938972408,0.6936283214154311,0.38805042613636365,1.0,1.0
0.035207413623262435,0.0449438202247191,0.010647922611176839,0.054998141954663696,0.06690140845070423,0.0037578288100208815,0.054545454545454564,0.20245227440471836,0.4243925069187823,0.029854910714285726,1.0,0.3333333333333333
0.36134116531066435,0.43820224719101125,0.16885308650567193,0.5191378669639539,0.3080985915492958,0.2617954070981211,0.40909090909090906,0.31721313110491983,0.3439122714402266,0.27464234983766234,0.0,0.6666666666666666
0.15936371264912985,0.23595505617977525,0.06797619876122207,0.19955406911928653,0.18838028169014087,0.10271398747390398,0.20909090909090908,0.17306221781888542,0.4108540896802163,0.14564732142857142,0.0,0.3333333333333333
0.04316100550913933,0.02247191011235955,0.01183102512352982,0.042735042735042736,0.09683098591549295,0.008350730688935284,0.054545454545454564,0.09121556476118914,0.5933067780070709,0.00574523133116886,0.0,1.0
0.9404939983217192,0.8314606741573034,0.7248242744797828,0.9747305834262355,0.8274647887323944,0.975365344467641,0.9272727272727271,0.1570107253758536,0.46225784261969904,0.44300426136363635,0.0,0.3333333333333333
0.360356087416542,0.5168539325842696,0.21525506298281022,0.36157562244518765,0.346830985915493,0.368267223382046,0.3090909090909091,0.14064006489750053,0.5721728975700278,0.3731863839285715,1.0,0.0
0.586632128133095,0.5730337078651686,0.40481244345465933,0.6674098848011891,0.6285211267605634,0.4492693110647182,0.4818181818181818,0.12834544620356264,0.7298619442978037,0.21088676948051946,0.0,1.0
0.8058302017585465,0.8764044943820224,0.796367179344422,0.835005574136009,0.8697183098591549,0.679749478079332,0.7181818181818183,0.09164112214161751,0.6895346419030252,0.24374746347402595,0.0,0.0
0.212193075267248,0.20224719101123595,0.07495302387083304,0.3013749535488666,0.23943661971830987,0.10772442588726516,0.1636363636363636,0.2119608221236643,0.693764297483643,0.0992288961038961,0.0,0.3333333333333333
0.03549928855485425,0.10112359550561797,0.011274271000069596,0.030843552582683023,0.03873239436619719,0.05511482254697287,0.054545454545454564,0.2518235798684761,0.2654140871206667,0.38578023538961037,0.0,0.0
0.19431573570724947,0.16853932584269665,0.05976407544018372,0.26049795615013005,0.2130281690140845,0.12108559498956159,0.12727272727272726,0.2075722616379969,0.751048615443682,0.15290178571428573,0.0,0.6666666666666666
0.02750921230252837,0.033707865168539325,0.0035841046697752104,0.008175399479747311,0.02112676056338028,0.07098121085594991,0.03636363636363635,0.2698233271937815,0.22524675657084353,0.6280818790584415,0.0,0.3333333333333333
0.13674340545076435,0.29213483146067415,0.06861994571647297,0.11371237458193982,0.15669014084507044,0.14989561586638833,0.24545454545454545,0.1057044636979606,0.2618531138519621,0.3130580357142857,0.0,1.0
0.5679521325112189,0.6853932584269662,0.365909249077876,0.6622073578595318,0.47711267605633806,0.5507306889352819,0.5,0.22765325052695967,0.48839084321159487,0.4225852272727273,0.0,0.3333333333333333
0.6917800722390455,0.7640449438202246,0.5925603730252627,0.7543664065403196,0.7235915492957746,0.5741127348643007,0.6272727272727273,0.11962151990478148,0.6406136519972486,0.24963220373376624,0.0,0.0
0.16396074282170087,0.24719101123595505,0.06200849050038276,0.23039762170196953,0.1619718309859155,0.11315240083507308,0.1818181818181818,0.2672300869067962,0.39712690566460307,0.21043019480519484,0.0,0.6666666666666666
0.3590426502243788,0.550561797752809,0.188095900897766,0.5124489037532516,0.27992957746478875,0.28935281837160753,0.34545454545454546,0.3570958368519392,0.3773143926668907,0.35649604301948046,0.0,1.0
0.9212302528366595,0.9775280898876404,0.8564792261117684,0.8955778520995913,0.8468309859154929,0.975365344467641,0.890909090909091,0.12101123072524284,0.5049383308537698,0.42973823051948057,0.0,1.0
0.6008610310481959,0.651685393258427,0.4815227225276637,0.705685618729097,0.6725352112676056,0.41043841336116915,0.4727272727272728,0.12316561496366135,0.8100622290476878,0.1590148133116883,0.0,1.0
0.5972490787697472,0.7640449438202246,0.5070638179414017,0.5930880713489409,0.6126760563380281,0.5649269311064719,0.5181818181818182,0.1017946552652752,0.6499176144998481,0.31272828733766234,0.0,1.0
0.839286365792258,0.898876404494382,0.8146008768877444,0.7859531772575251,0.8697183098591549,0.8212943632567851,0.9272727272727271,0.07492469629166637,0.4965078146246261,0.3256518871753247,1.0,0.3333333333333333
0.036192491517384795,0.06741573033707865,0.009951979956851556,0.06949089557785211,0.04753521126760564,0.012108559498956159,0.027272727272727282,0.32940800978781964,0.4447969157428293,0.11227932224025974,0.0,0.6666666666666666
0.5729869750811777,0.595505617977528,0.467603869441158,0.5648457822370866,0.7077464788732394,0.4279749478079332,0.5636363636363636,0.04859998271173144,0.7072355265473278,0.15593293425324675,1.0,1.0
0.8417673027107885,0.8539325842696628,0.8334957199526759,0.8342623560014865,0.9348591549295775,0.718580375782881,0.8727272727272727,0.07015047442998584,0.594580153892915,0.23722859172077918,0.0,0.0
0.9331241562990259,0.8876404494382022,0.8875530656273922,0.9186176142697883,0.9630281690140845,0.872651356993737,0.6818181818181818,0.08792414439693863,0.8333861240421687,0.3068054991883117,1.0,0.3333333333333333
0.38326826954649934,0.42696629213483145,0.22374556336557866,0.4882943143812709,0.4313380281690141,0.23131524008350735,0.40909090909090906,0.15812781349947802,0.5471437027083235,0.12727019074675325,0.0,1.0
0.1399905140647233,0.25842696629213485,0.07389171132298698,0.13229282794500186,0.19190140845070425,0.10688935281837161,0.14545454545454548,0.08132135566623,0.6006926780886566,0.1501369724025974,1.0,1.0
0.21715494910430883,0.23595505617977525,0.055571020947873896,0.30806391675956896,0.147887323943662,0.20626304801670148,0.1818181818181818,0.4227513614511506,0.3546095887123867,0.4831194196428571,0.0,0.3333333333333333
0.8391769126929112,1.0,0.9087097223188809,0.9672984020810108,0.8820422535211268,0.6388308977035491,0.8,0.1318895412624425,0.6146374238134089,0.21489448051948049,0.0,1.0
0.13955270166733558,0.16853932584269665,0.05584939800960401,0.12002972872538091,0.1971830985915493,0.1118997912317328,0.22727272727272727,0.059418449242308324,0.3959143190798421,0.15397980925324675,1.0,0.6666666666666666
0.6762377321317816,0.7078651685393258,0.5821386317767415,0.6722408026755853,0.7623239436619718,0.5682672233820459,0.5363636363636364,0.07132075722616377,0.8206155716593881,0.22571276379870128,0.0,1.0
0.41088693494837464,0.550561797752809,0.26816410327788986,0.4470457079152731,0.41725352112676056,0.36283924843423804,0.3090909090909091,0.14220930773783003,0.7172721600998225,0.28533380681818177,1.0,0.6666666666666666
0.04961873837060819,0.0,0.004349641589533023,0.07246376811594203,0.051056338028169015,0.044258872651356994,0.07272727272727272,0.31958694336762167,0.27019084641103164,0.2654981737012987,0.0,0.6666666666666666
0.324455470830749,0.48314606741573035,0.17666504280047324,0.46153846153846156,0.295774647887324,0.22254697286012526,0.4,0.28471118617470453,0.334214778199037,0.23053216314935063,1.0,1.0
0.14546316903206974,0.1348314606741573,0.03465794418539912,0.23039762170196953,0.13380281690140844,0.08810020876826724,0.1818181818181818,0.34176247248838015,0.3120906720417207,0.19682173295454544,0.0,1.0
0.1962858914954942,0.28089887640449435,0.0945612081564479,0.19100706057227795,0.23767605633802819,0.16743215031315242,0.12727272727272726,0.09566396925347925,0.8439778598966583,0.2101258116883117,1.0,0.3333333333333333
0.0611477981684848,0.0898876404494382,0.018512074605052543,0.06243032329988853,0.08450704225352114,0.053444676409185814,0.054545454545454564,0.16439813552672694,0.5237542192574108,0.19507153003246755,0.0,1.0
0.3769929585172754,0.39325842696629215,0.1804231331338298,0.41099962839093274,0.36619718309859156,0.3503131524008351,0.3727272727272727,0.1605282230984567,0.4938090896002304,0.3251699472402597,0.0,0.3333333333333333
0.8567623773213178,0.9213483146067414,0.7752105226529333,0.94314381270903,0.806338028169014,0.7866388308977036,0.7727272727272727,0.15498267848474973,0.5696213466429909,0.34090909090909094,1.0,1.0
0.019336714217957615,0.0898876404494382,0.006924629410536572,0.007803790412486064,0.019366197183098594,0.04968684759916494,0.054545454545454564,0.2801696910054458,0.1561165234918655,0.4931767451298701,0.0,0.6666666666666666
0.355759057243971,0.550561797752809,0.2630315262022409,0.44109996283909325,0.4084507042253521,0.21962421711899793,0.4181818181818181,0.1452613520755896,0.49584073203116263,0.12866528003246755,0.0,1.0
0.350979605239155,0.47191011235955055,0.21121859558772355,0.43180973615756224,0.36971830985915494,0.25302713987473907,0.3363636363636364,0.17272975111542577,0.5638783574090961,0.19841974431818185,0.0,1.0
0.38210076982013214,0.49438202247191004,0.2515136752731575,0.3916759568933482,0.42957746478873243,0.3202505219206681,0.31818181818181823,0.09667466803199659,0.7206267696885349,0.2266005478896104,0.0,1.0
0.78145864497063,0.9213483146067414,0.8312339063261187,0.8476402824228911,0.8679577464788732,0.6000000000000001,0.7636363636363637,0.09657492802095868,0.6378461390795221,0.19831828327922077,1.0,0.0
0.22058447955051264,0.29213483146067415,0.08177326188322082,0.3102935711631364,0.19366197183098594,0.1686847599164927,0.2545454545454545,0.30499165508574316,0.336558365727632,0.2809709821428571,1.0,1.0
0.17643839614725093,0.24719101123595505,0.0915164590437748,0.18543292456335936,0.2552816901408451,0.09853862212943634,0.1818181818181818,0.07142049723720167,0.6788037305434245,0.06939935064935068,0.0,0.0
0.5408807326060783,0.6853932584269662,0.41285058111211637,0.6688963210702341,0.5440140845070423,0.40083507306889354,0.6181818181818182,0.17989108390794661,0.4431076130601015,0.22197138798701296,0.0,1.0
0.3755700682257653,0.37078651685393255,0.14520843482497042,0.46339650687476774,0.30281690140845074,0.35991649269311066,0.3545454545454546,0.27618009056392995,0.4068675913039306,0.42810217126623373,0.0,0.3333333333333333
0.16407019592104782,0.12359550561797752,0.030621476790312477,0.24489037532515795,0.12323943661971833,0.13820459290187892,0.20909090909090908,0.40148014176380237,0.23203436195229643,0.3695464691558441,0.0,0.3333333333333333
0.025794447079426464,0.011235955056179775,0.0005915512561764915,0.01597918989223339,0.007042253521126765,0.07265135699373695,0.04545454545454544,0.4242341629485807,0.10893762697765197,0.8259435876623376,0.0,0.6666666666666666
0.8314787113721771,0.8876404494382022,0.831808059015937,0.7956150130063173,0.8996478873239436,0.7603340292275574,0.9454545454545454,0.06851473824896431,0.5072339268288781,0.2758091517857143,1.0,0.3333333333333333
0.03991389689518042,0.06741573033707865,0.005497946969169741,0.03939056112969157,0.019366197183098594,0.07891440501043842,0.06363636363636363,0.414738913897773,0.13229351634112402,0.7045581371753247,1.0,0.3333333333333333
0.4007807654420081,0.5056179775280898,0.21800403646739508,0.5221107395020439,0.3591549295774648,0.32108559498956163,0.3363636363636364,0.25179698253219934,0.5434995440802419,0.2958984375,0.0,1.0
0.05199022218979167,0.033707865168539325,0.01240517781334818,0.03158677071720552,0.0897887323943662,0.05093945720250522,0.054545454545454564,0.08261797580972263,0.5535633728463791,0.17228084415584413,1.0,1.0
0.9325404064358421,0.8876404494382022,0.8720683415686548,0.9345968041620215,0.9454225352112676,0.8734864300626305,0.8636363636363636,0.0985763775757858,0.6117611300411129,0.315721387987013,1.0,1.0
0.11412309825239887,0.15730337078651685,0.03500591551256176,0.11371237458193982,0.11971830985915492,0.12192066805845514,0.11818181818181817,0.17716485693957745,0.42740317704084085,0.33057274756493504,1.0,1.0
0.40574263927906895,0.46067415730337075,0.2292261117683903,0.5455221107395021,0.4137323943661972,0.25929018789144054,0.34545454545454546,0.2112559927123298,0.6300779062884934,0.17054332386363638,0.0,1.0
0.3321901565179321,0.43820224719101125,0.17482079476651124,0.37309550353028614,0.3204225352112676,0.30313152400835075,0.4,0.17650657286672738,0.37561229223656645,0.31884131493506496,0.0,0.0
0.6017001714765223,0.7640449438202246,0.5979887257289999,0.6335934596804162,0.7306338028169014,0.4229645093945721,0.5909090909090909,0.06802268752784407,0.6966373918190399,0.14289519074675325,1.0,0.0
0.8252034003429531,0.8426966292134832,0.7660588767485559,0.927536231884058,0.8661971830985915,0.6517745302713988,0.9909090909090909,0.12453537778191509,0.44987122266481105,0.22909902597402595,0.0,0.3333333333333333
0.6203436827319494,0.595505617977528,0.436912798385413,0.6610925306577481,0.6584507042253521,0.5219206680584552,0.5818181818181818,0.11046538689150281,0.620916318727904,0.24921367694805194,0.0,0.6666666666666666
0.38177241052209127,0.3595505617977528,0.19065349015241145,0.5068747677443329,0.420774647887324,0.2200417536534447,0.44545454545454544,0.1790931638196434,0.4768648717825663,0.121283989448052,0.0,0.3333333333333333
0.3850560035024992,0.47191011235955055,0.23112255550142669,0.36603493125232256,0.4084507042253521,0.3736951983298539,0.28181818181818175,0.09418781709011842,0.7685079426021022,0.3066152597402597,1.0,0.6666666666666666
0.36174249334160313,0.46067415730337075,0.16533857610132924,0.4344109996283909,0.2869718309859155,0.3632567849686848,0.42727272727272725,0.27298841021071735,0.2894466573882998,0.46126724837662336,0.0,0.3333333333333333
0.04089897478930278,0.02247191011235955,0.009743197160553971,0.008547008547008558,0.07922535211267605,0.05135699373695198,0.054545454545454564,0.053148127215059404,0.493946665386892,0.20129870129870134,0.0,1.0
0.7873691123353642,1.0,0.8432563156795879,0.7993311036789298,0.8151408450704225,0.7144050104384134,0.8545454545454546,0.09898198695400656,0.5063348850602295,0.2912819602272727,1.0,0.6666666666666666
0.32952679776715676,0.550561797752809,0.20041408587932352,0.4384986993682646,0.30105633802816906,0.25344467640918583,0.36363636363636365,0.25663769773457185,0.39053926508934433,0.27097706980519476,0.0,0.0
0.1750519902221898,0.21348314606741575,0.0470631219987473,0.2601263470828688,0.13204225352112675,0.14655532359081422,0.1090909090909091,0.3973509053068334,0.5087824542880454,0.36783431412337664,0.0,0.3333333333333333
0.42427669743514906,0.44943820224719105,0.2463636996311504,0.5172798216276477,0.45774647887323944,0.29519832985386224,0.32727272727272727,0.15588033858409078,0.7550655084705094,0.17841923701298704,1.0,0.0
0.2413805684264293,0.24719101123595505,0.0937434755376157,0.2645856558900037,0.26232394366197187,0.20292275574112736,0.11818181818181817,0.143379590534008,0.9883444513765578,0.24013291396103895,0.0,0.6666666666666666
0.572476193950892,0.5730337078651686,0.3952606305240448,0.5785953177257526,0.6126760563380281,0.5077244258872652,0.5636363636363636,0.09495249050807564,0.5874230135496153,0.2668805803571428,0.0,1.0
0.045824364259914624,0.0,0.008699283179066045,0.04199182460052027,0.09507042253521127,0.018371607515657626,0.018181818181818174,0.09344974100843795,0.8592839660219802,0.04366629464285715,0.0,1.0
0.6154547776277866,0.752808988764045,0.50316653907718,0.7625418060200669,0.6161971830985915,0.4546972860125261,0.6,0.17963175987924807,0.5475436323207117,0.22228845373376624,0.0,0.3333333333333333
0.05527381517019957,0.0,0.0012178996450692469,0.10628019323671499,0.019366197183098594,0.06012526096033404,0.009090909090909094,0.6997094241011761,0.3396218265585258,0.5686637581168831,0.0,0.0
0.025064759750446933,0.0,0.006263483888927553,0.021181716833890765,0.07042253521126761,0.002922755741127353,0.06363636363636363,0.10501293295476455,0.4035913679192462,0.020533177759740256,0.0,1.0
0.5445656536174249,0.7303370786516854,0.4377479295706034,0.6822742474916388,0.5457746478873239,0.3970772442588727,0.6090909090909091,0.18570260188442123,0.45418886276015424,0.2174690543831169,0.0,0.6666666666666666
0.6456638330475392,0.6292134831460674,0.5188600459322151,0.7599405425492383,0.7517605633802816,0.40918580375782887,0.4818181818181818,0.1095477787899542,0.9073267104989524,0.12544389204545456,0.0,0.0
0.39742420372870224,0.38202247191011235,0.19618623425429743,0.4975845410628019,0.4119718309859155,0.28225469728601255,0.38181818181818183,0.18056266664893506,0.5593415558861641,0.19816609172077923,1.0,0.6666666666666666
0.1299937976577037,0.24719101123595505,0.06757603173498504,0.12114455592716462,0.17957746478873238,0.10104384133611694,0.23636363636363636,0.08277091049331409,0.3336740733630882,0.15386566558441558,0.0,1.0
0.6124265752125214,0.752808988764045,0.525941262439975,0.7617985878855444,0.6461267605633803,0.4171189979123174,0.5454545454545454,0.161745051233119,0.6547103709747085,0.1766690340909091,0.0,1.0
0.3188003940311577,0.3595505617977528,0.12707912867979676,0.3626904496469714,0.26760563380281693,0.32693110647181634,0.3909090909090909,0.23316554847032067,0.2970389211498776,0.4391741071428572,0.0,1.0
0.39939435951694696,0.550561797752809,0.2589254645417217,0.5414344109996284,0.4014084507042254,0.2572025052192067,0.30000000000000004,0.22039217772340097,0.7063396842155781,0.17741730925324675,0.0,0.6666666666666666
0.21635229304243137,0.25842696629213485,0.07848493284153385,0.2571534745447789,0.20598591549295775,0.19415448851774533,0.20000000000000004,0.21538522916929864,0.48131688822767205,0.31171367694805197,0.0,0.3333333333333333
0.5618957276806889,0.7752808988764044,0.4765293339828798,0.6090672612411743,0.5651408450704225,0.4960334029227558,0.4636363636363636,0.13546023365759913,0.6677224808433717,0.290622463474026,0.0,0.0
0.38636944069466234,0.34831460674157305,0.13746607279560163,0.49461166852471206,0.30105633802816906,0.3632567849686848,0.3545454545454546,0.3063481192358584,0.4036105645406409,0.4361049107142857,0.0,0.3333333333333333
0.8428253493378087,0.9775280898876404,0.8733558354791565,0.966183574879227,0.8644366197183099,0.6676409185803758,0.7272727272727273,0.1384657326568744,0.6737662171457824,0.23910562094155843,1.0,0.6666666666666666
0.18636214382137256,0.1348314606741573,0.0396339341638249,0.305091044221479,0.15669014084507044,0.11231732776617956,0.1090909090909091,0.3910672846114461,0.6101230183487708,0.21793831168831165,0.0,1.0
0.7919296581414864,0.8089887640449438,0.7245458974180528,0.8309178743961353,0.8485915492957746,0.6647181628392484,0.8636363636363636,0.09777180815341341,0.5280462638575611,0.24462256493506493,0.0,0.6666666666666666
0.5756503338319531,0.6067415730337078,0.34372607697125757,0.6815310293571163,0.5,0.5319415448851775,0.5818181818181818,0.21969399764613567,0.42661931500055994,0.3798447646103895,0.0,1.0
0.3492648400160531,0.47191011235955055,0.19764771382838053,0.3448532144184318,0.3433098591549296,0.35574112734864305,0.32727272727272727,0.13069266112998779,0.5295084065204525,0.3611886160714285,0.0,0.0
0.036301944616731724,0.06741573033707865,0.002435799290138492,0.0657748049052397,0.0,0.06304801670146137,0.027272727272727282,0.7962311574495813,0.11508374526083409,0.8608969155844157,0.0,0.6666666666666666
0.8791637783209895,0.9101123595505618,0.9392964019764771,0.9966555183946489,0.9982394366197183,0.6104384133611691,0.8545454545454546,0.10060442446688961,0.6661531570443603,0.15753094561688316,0.0,0.3333333333333333
0.4189134955671495,0.42696629213483145,0.23543739995824342,0.4555927164622817,0.4559859154929578,0.3394572025052192,0.44545454545454544,0.11915606651993799,0.5310009438338853,0.22599178165584413,0.0,0.3333333333333333
0.37732131781531614,0.550561797752809,0.28253531908970697,0.4697138610182089,0.44190140845070425,0.22129436325678498,0.3545454545454546,0.13805347394458445,0.6642558909631906,0.11005986201298698,1.0,0.3333333333333333
0.6319092268962749,0.7303370786516854,0.5591029299185747,0.6655518394648829,0.7095070422535211,0.5002087682672234,0.5272727272727272,0.08947343923506063,0.7658844043448354,0.2057249391233766,0.0,0.3333333333333333
0.3569265569703382,0.48314606741573035,0.16559955459670123,0.44295800817539943,0.2746478873239437,0.3536534446764092,0.34545454545454546,0.3000379012041943,0.3673369486970294,0.4694602272727273,0.0,0.0
0.18085300448757707,0.24719101123595505,0.06423550699422367,0.24860646599777037,0.16901408450704225,0.1373695198329854,0.1636363636363636,0.2771907893424473,0.46604757562668975,0.25623985389610393,0.0,0.6666666666666666
0.5925061111313802,0.696629213483146,0.4776254436634421,0.673355629877369,0.6267605633802816,0.46221294363256793,0.6090909090909091,0.1320225279438264,0.5496328646158277,0.22203480113636362,1.0,1.0
0.1577219161589259,0.24719101123595505,0.05310042452501914,0.1426978818283166,0.13380281690140844,0.20542797494780796,0.1636363636363636,0.19510476025826012,0.3521876149797636,0.5298929586038961,0.0,0.3333333333333333
0.3906016272027436,0.40449438202247184,0.17656065140232446,0.5321441843180974,0.3485915492957747,0.29311064718162844,0.3090909090909091,0.2722968794675213,0.5758010590136137,0.27110389610389607,1.0,1.0
0.19949651574300414,0.21348314606741575,0.07885030273505463,0.2798216276477146,0.24295774647887325,0.08810020876826724,0.22727272727272727,0.1838939830176008,0.514411863512022,0.06072443181818182,0.0,1.0
0.039877412528731435,0.07865168539325842,0.013309903263971048,0.06986250464511336,0.061619718309859156,0.008350730688935284,0.06363636363636363,0.2624625143791849,0.35681560045432004,0.06026785714285715,1.0,1.0
0.03232514867379327,0.011235955056179775,0.003845083165147192,0.07692307692307694,0.0369718309859155,0.00459290187891441,0.054545454545454564,0.41967271977711434,0.2554782358304939,0.10143567370129866,0.0,0.3333333333333333
0.014812652778284502,0.06741573033707865,0.006611455216090195,0.0,0.02640845070422536,0.037160751565762005,0.06363636363636363,0.2053447347248173,0.16971413031306493,0.352437601461039,0.0,1.0
0.5867415812324419,0.7303370786516854,0.5303952954276567,0.6417688591601636,0.6707746478873239,0.4317327766179541,0.6181818181818182,0.09626905865377583,0.5905840572059319,0.1755275974025974,0.0,0.3333333333333333
0.04162866211828231,0.02247191011235955,0.00849050038276846,0.04905239687848385,0.06866197183098592,0.025887265135699382,0.027272727272727282,0.18106136670412454,0.5913359248772216,0.12297077922077923,0.0,0.6666666666666666
0.8263344157028714,0.8202247191011236,0.7998816897487647,0.9152731326644371,0.9295774647887324,0.6037578288100209,0.8,0.0976986654786523,0.6586664747004528,0.17703683035714288,1.0,0.3333333333333333
0.6152723557955416,0.651685393258427,0.47915651750295774,0.696395392047566,0.6690140845070423,0.463883089770355,0.5909090909090909,0.12084499737351306,0.6220841131960776,0.20013189935064932,0.0,1.0
0.5960450946769309,0.696629213483146,0.5089428631080799,0.6937941285767373,0.6707746478873239,0.40960334029227563,0.5909090909090909,0.1188634958208935,0.6242133384524324,0.15920505275974026,0.0,1.0
0.04013280309387428,0.02247191011235955,0.0093256315679588,0.03753251579338536,0.07570422535211267,0.025469728601252607,0.06363636363636363,0.13091873848834035,0.43165682839820196,0.10518973214285718,0.0,1.0
0.025429603414936705,0.0,0.001739856635813209,0.060943887030843566,0.02464788732394367,0.012108559498956159,0.018181818181818174,0.4573810932835077,0.33045064068723906,0.19503348214285712,1.0,1.0
0.8701886241745412,0.8651685393258426,0.825092212401698,0.9472315124489038,0.9137323943661971,0.7148225469728602,0.9181818181818181,0.11347753522484721,0.5392346946937341,0.24412794237012989,1.0,1.0
0.058338501951913604,0.10112359550561797,0.018216298976964296,0.08769973987365291,0.07570422535211267,0.030480167014613778,0.027272727272727282,0.2522291892466969,0.6401817280158694,0.12576095779220778,0.0,0.3333333333333333
0.052537487686526316,0.033707865168539325,0.011952815088036747,0.0650315867707172,0.08626760563380283,0.024634655532359086,0.08181818181818182,0.16526919828979125,0.41039976964054337,0.08106737012987017,0.0,0.0
0.8462913641504616,0.8539325842696628,0.7137935834087271,0.910442214790041,0.7940140845070423,0.7995824634655533,0.9,0.14844638309473307,0.4540192926045017,0.356546773538961,0.0,0.0
0.035243897989711406,0.10112359550561797,0.0046628157839793995,0.10330732069862507,0.0035211267605633825,0.021294363256784972,0.018181818181818174,0.9374763117473783,0.17180176288973142,0.41384689529220786,0.0,0.0
0.9449086066620452,1.0,0.9155995545967012,0.9498327759197324,0.8890845070422535,0.9503131524008351,0.9818181818181818,0.12335179631759874,0.4734174785237799,0.3885070008116883,0.0,1.0
0.05881279871575028,0.056179775280898875,0.009743197160553971,0.059457450761798605,0.0528169014084507,0.08100208768267225,0.027272727272727282,0.2724099181466976,0.48143046823759017,0.4412540584415584,0.0,0.6666666666666666
0.6218760261228065,0.7078651685393258,0.5567367248938687,0.7383872166480863,0.727112676056338,0.38580375782881005,0.5818181818181818,0.1116024230173348,0.7051127001647711,0.11889965503246755,0.0,0.3333333333333333
0.861176985661644,0.8314606741573034,0.7072865195907857,0.7971014492753623,0.806338028169014,0.9361169102296452,0.6909090909090909,0.10154198057064584,0.6554286445585578,0.43377130681818177,0.0,0.0
0.9646831332773907,0.8539325842696628,0.875391467743058,0.8647342995169083,0.9841549295774648,0.9924843423799584,0.9818181818181818,0.06509033120332997,0.5465630049111356,0.3587155032467533,0.0,0.6666666666666666
0.5961910321427268,0.5730337078651686,0.41330294383742777,0.7391304347826088,0.6426056338028169,0.39540709812108565,0.5727272727272728,0.15349322765325052,0.6131528850922239,0.16179230925324675,0.0,1.0
0.5770367397570142,0.651685393258427,0.39752244415060195,0.7785209959123003,0.5475352112676056,0.3979123173277662,0.5636363636363636,0.23484118065575726,0.5053286621554607,0.21706321022727273,1.0,0.3333333333333333
0.8207887920026269,0.8089887640449438,0.7145591203284849,0.9253065774804906,0.8362676056338028,0.67098121085595,0.6909090909090909,0.13569960968409012,0.6870134856265299,0.2541852678571428,0.0,0.3333333333333333
0.06304498522383158,0.10112359550561797,0.021852599345813906,0.02638424377554814,0.09507042253521127,0.08225469728601253,0.04545454545454544,0.06058873203848636,0.638644398585849,0.27195363230519476,0.0,0.6666666666666666
0.07544966981648364,0.07865168539325842,0.015084557032500522,0.10702341137123746,0.0721830985915493,0.06471816283924844,0.04545454545454544,0.3136756853801091,0.5009214378269425,0.27852323457792205,0.0,0.3333333333333333
0.7830274727279362,0.898876404494382,0.792678683276498,0.791898922333705,0.8450704225352113,0.6793319415448852,0.8818181818181817,0.08539739745064534,0.5105053510582138,0.25495890827922074,0.0,1.0
0.17344667809843484,0.3146067415730337,0.06152133064235507,0.2185061315496098,0.1267605633802817,0.1862212943632568,0.1818181818181818,0.34335831266498656,0.2908320135656125,0.5005960836038962,0.0,0.3333333333333333
0.048524207377138875,0.10112359550561797,0.022513744867422924,0.05091044221479006,0.09859154929577464,0.014196242171189984,0.06363636363636363,0.10432805154563768,0.5532722240885605,0.024084314123376638,0.0,1.0
0.3481703090225838,0.41573033707865165,0.14781821977869025,0.5444072835377183,0.27816901408450706,0.23006263048016706,0.32727272727272727,0.3904621952111495,0.4011150037593385,0.26401430600649356,1.0,0.3333333333333333
0.21237549709949288,0.30337078651685395,0.07777159162085044,0.3296172426607209,0.176056338028169,0.1444676409185804,0.20000000000000004,0.3723161625363219,0.3965957991393515,0.25955002029220775,0.0,1.0
0.3468933561968697,0.40449438202247184,0.17095831303500592,0.38610182088442957,0.3362676056338028,0.3173277661795407,0.3090909090909091,0.17045567886376173,0.5504087280638609,0.31828327922077915,0.0,0.0
0.24101572476193955,0.20224719101123595,0.06667130628436217,0.3303604607952434,0.20950704225352113,0.19248434237995826,0.19090909090909094,0.29675977950808224,0.5151605317464126,0.30184659090909083,0.0,0.3333333333333333
0.14991426173884492,0.2696629213483146,0.08163407335235577,0.12002972872538091,0.20774647887323944,0.13110647181628393,0.15454545454545457,0.04771562128052875,0.6223816608276944,0.17991578733766236,0.0,0.3333333333333333
0.056258893064321955,0.033707865168539325,0.008560094648200988,0.10702341137123746,0.05985915492957747,0.022129436325678507,0.018181818181818174,0.3723560585407371,0.5948681032138344,0.12825943587662333,1.0,0.3333333333333333
0.5922507205662374,0.6292134831460674,0.3420210174681606,0.7476774433296173,0.48063380281690143,0.5365344467640919,0.5818181818181818,0.2749366650929909,0.4028714946169475,0.4044744318181819,0.0,0.3333333333333333
0.14517129410047797,0.23595505617977525,0.04370519869162781,0.1441843180973616,0.1091549295774648,0.19248434237995826,0.13636363636363638,0.26214334634386366,0.33508662475404327,0.5936104910714285,0.0,0.3333333333333333
0.03980444379583348,0.011235955056179775,0.006141693924420629,0.007060572277963584,0.05809859154929578,0.07056367432150315,0.07272727272727272,0.102306653988603,0.30554302442770087,0.3628627232142857,0.0,0.6666666666666666
0.3808603013608669,0.5280898876404494,0.19143642563852736,0.5221107395020439,0.2975352112676057,0.32526096033402924,0.4545454545454545,0.3363233172197804,0.2784261969893299,0.3844992897727273,0.0,1.0
0.38717209675653985,0.47191011235955055,0.20217134108149487,0.48494983277591974,0.35211267605633806,0.32400835073068895,0.3090909090909091,0.23137687760570774,0.583055782182336,0.3078835227272727,0.0,1.0
0.02181765113648801,0.02247191011235955,0.0007655369197578123,0.04236343366778149,0.0035211267605633825,0.04008350730688936,0.03636363636363635,0.6070243565106954,0.11179152469165432,0.5867872362012987,1.0,1.0
0.6413221934401109,0.7303370786516854,0.4507968543392024,0.7662578966926793,0.5633802816901409,0.5774530271398748,0.5,0.21663530397430697,0.6087984514725409,0.36240614853896114,0.0,0.0
0.3563428071071546,0.48314606741573035,0.1702101746816062,0.4132292827945002,0.2834507042253521,0.3711899791231733,0.42727272727272725,0.2584995112739459,0.28384284365951595,0.4804433847402597,1.0,0.0
0.6320186799956219,0.7303370786516854,0.5525784675342752,0.7447045707915273,0.7007042253521126,0.4350730688935282,0.5454545454545454,0.12622430863549017,0.725453120250836,0.16403713474025974,0.0,0.0
0.38983545550731513,0.37078651685393255,0.2117927482775419,0.4589371980676329,0.4595070422535212,0.24968684759916493,0.3909090909090909,0.11880365181427077,0.6254179264449459,0.12987012987012989,0.0,1.0
0.86737932795797,0.8089887640449438,0.7487994989212888,0.9620958751393535,0.8785211267605634,0.7277661795407099,0.9454545454545454,0.13150387988642936,0.49040968789493056,0.2673244724025974,0.0,1.0
0.9218504870662921,0.9775280898876404,0.9307363073282762,0.8316610925306578,0.9242957746478873,0.9603340292275574,0.7090909090909091,0.07256418269710285,0.7565036553566573,0.373731737012987,1.0,0.0
0.23521471049655224,0.3146067415730337,0.09391746120119703,0.3054626532887402,0.2130281690140845,0.19582463465553238,0.12727272727272726,0.26050096082877294,0.751048615443682,0.30226511769480524,0.0,0.3333333333333333
0.14090262322594765,0.32584269662921345,0.07550977799429327,0.1553325901151988,0.15845070422535212,0.12108559498956159,0.1,0.16446462886741892,0.6585272991953417,0.2367086038961039,0.0,0.6666666666666666
0.8678901090882558,0.8876404494382022,0.831808059015937,0.9524340393905611,0.8996478873239436,0.7173277661795407,0.6636363636363637,0.12028645331170079,0.7901889267488924,0.2516994724025974,1.0,0.6666666666666666
